streamFrame.type,streamframe.id,streamFrame.frameNumber,streamFrame.channels,streamFrame.dataFlags,streamFrame.hmdPose.value[0],streamFrame.hmdPose.value[1],streamFrame.hmdPose.value[2],streamFrame.hmdPose.value[3],streamFrame.hmdPose.value[4],streamFrame.hmdPose.value[5],streamFrame.hmdPose.value[6],streamFrame.hmdPose.value[7],streamFrame.hmdPose.value[8],streamFrame.hmdPose.value[9],streamFrame.hmdPose.value[10],streamFrame.hmdPose.value[11],streamFrame.hmdPose.value[12],streamFrame.hmdPose.value[13],streamFrame.hmdPose.value[14],streamFrame.hmdPose.value[15],streamFrame.metadata.distortedColor.timestamp,streamFrame.metadata.distortedColor.ev,streamFrame.metadata.distortedColor.exposuretime,streamFrame.metadata.distortedColor.whiteBalanceTemperature,streamFrame.metadata.distortedColor.wbNormalizationData.whiteBalanceColorGains[0],streamFrame.metadata.distortedColor.wbNormalizationData.whiteBalanceColorGains[1],streamFrame.metadata.distortedColor.wbNormalizationData.whiteBalanceColorGains[2],streamFrame.metadata.distortedColor.wbNormalizationData.invCCM.value[0],streamFrame.metadata.distortedColor.wbNormalizationData.invCCM.value[1],streamFrame.metadata.distortedColor.wbNormalizationData.invCCM.value[2],streamFrame.metadata.distortedColor.wbNormalizationData.invCCM.value[3],streamFrame.metadata.distortedColor.wbNormalizationData.invCCM.value[4],streamFrame.metadata.distortedColor.wbNormalizationData.invCCM.value[5],streamFrame.metadata.distortedColor.wbNormalizationData.invCCM.value[6],streamFrame.metadata.distortedColor.wbNormalizationData.invCCM.value[7],streamFrame.metadata.distortedColor.wbNormalizationData.invCCM.value[8],streamFrame.metadata.distortedColor.wbNormalizationData.ccm.value[0],streamFrame.metadata.distortedColor.wbNormalizationData.ccm.value[1],streamFrame.metadata.distortedColor.wbNormalizationData.ccm.value[2],streamFrame.metadata.distortedColor.wbNormalizationData.ccm.value[3],streamFrame.metadata.distortedColor.wbNormalizationData.ccm.value[4],streamFrame.metadata.distortedColor.wbNormalizationData.ccm.value[5],streamFrame.metadata.distortedColor.wbNormalizationData.ccm.value[6],streamFrame.metadata.distortedColor.wbNormalizationData.ccm.value[7],streamFrame.metadata.distortedColor.wbNormalizationData.ccm.value[8],streamFrame.metadata.distortedColor.cameraCalibrationConstant,channelIndex,timestamp,extrinsics.value[0],extrinsics.value[1],extrinsics.value[2],extrinsics.value[3],extrinsics.value[4],extrinsics.value[5],extrinsics.value[6],extrinsics.value[7],extrinsics.value[8],extrinsics.value[9],extrinsics.value[10],extrinsics.value[11],extrinsics.value[12],extrinsics.value[13],extrinsics.value[14],extrinsics.value[15],intrinsics.model,intrinsics.principalPointX,intrinsics.principalPointY,intrinsics.focalLengthX,intrinsics.focalLengthY,intrinsics.distortionCoefficients[0],intrinsics.distortionCoefficients[1],intrinsics.distortionCoefficients[2],intrinsics.distortionCoefficients[3],intrinsics.distortionCoefficients[4],intrinsics.distortionCoefficients[5],intrinsics.distortionCoefficients[6],intrinsics.distortionCoefficients[7],bufferMetadata.format,bufferMetadata.type,bufferMetadata.byteSize,bufferMetadata.rowStride,bufferMetadata.width,bufferMetadata.height
1,1,1933,3,7,-0.114028,0.510998,-0.851985,0,0.728671,0.625946,0.277902,0,0.675304,-0.589129,-0.443725,0,-1.22957,0.0124498,0.363314,1,1000015728590684600,6.07985,0.01,6295,1,1,1,0.64112,0.235227,0.123654,0.193153,0.651026,0.155823,0.0942861,0.256904,0.648825,1.75667,-0.555222,-0.201446,-0.508254,1.85749,-0.349234,-0.0540321,-0.654794,1.7088,0.78,1,1000015728590684600,0.9999,-0.00260894,-0.013909,0,0.00261115,0.999997,0.000141284,0,0.0139086,-0.000177588,0.999903,0,-0.0632734,0.000165093,0.000880157,1,2,0.502583,0.487419,0.875166,0.875166,5.20662,0.24839,-0.0876499,8.36841,-5.27394e-05,-1.00255e-05,4.3879,-0.525412,13,1,860160,896,832,640
1,1,1934,3,7,-0.114013,0.511019,-0.851975,0,0.728684,0.625924,0.277919,0,0.675293,-0.589134,-0.443734,0,-1.22957,0.0124498,0.363314,1,1000015728601805500,6.07985,0.01,6295,1,1,1,0.64112,0.235227,0.123654,0.193153,0.651026,0.155823,0.0942861,0.256904,0.648825,1.75667,-0.555222,-0.201446,-0.508254,1.85749,-0.349234,-0.0540321,-0.654794,1.7088,0.78,1,1000015728601805500,0.9999,-0.00260894,-0.013909,0,0.00261115,0.999997,0.000141284,0,0.0139086,-0.000177588,0.999903,0,-0.0632734,0.000165093,0.000880157,1,2,0.502583,0.487419,0.875166,0.875166,5.20662,0.24839,-0.0876499,8.36841,-5.27394e-05,-1.00255e-05,4.3879,-0.525412,13,1,860160,896,832,640
1,1,1935,3,7,-0.114029,0.511028,-0.851967,0,0.728721,0.625894,0.277891,0,0.675251,-0.589159,-0.443766,0,-1.22957,0.0124498,0.363314,1,1000015728612916600,6.07985,0.01,6295,1,1,1,0.64112,0.235227,0.123654,0.193153,0.651026,0.155823,0.0942861,0.256904,0.648825,1.75667,-0.555222,-0.201446,-0.508254,1.85749,-0.349234,-0.0540321,-0.654794,1.7088,0.78,1,1000015728612916600,0.9999,-0.00260894,-0.013909,0,0.00261115,0.999997,0.000141284,0,0.0139086,-0.000177588,0.999903,0,-0.0632734,0.000165093,0.000880157,1,2,0.502583,0.487419,0.875166,0.875166,5.20662,0.24839,-0.0876499,8.36841,-5.27394e-05,-1.00255e-05,4.3879,-0.525412,13,1,860160,896,832,640
1,1,1936,3,7,-0.114087,0.511056,-0.851942,0,0.728726,0.625897,0.277871,0,0.675235,-0.589131,-0.443827,0,-1.22957,0.0124498,0.363314,1,1000015728624027700,6.07985,0.01,6295,1,1,1,0.64112,0.235227,0.123654,0.193153,0.651026,0.155823,0.0942861,0.256904,0.648825,1.75667,-0.555222,-0.201446,-0.508254,1.85749,-0.349234,-0.0540321,-0.654794,1.7088,0.78,1,1000015728624027700,0.9999,-0.00260894,-0.013909,0,0.00261115,0.999997,0.000141284,0,0.0139086,-0.000177588,0.999903,0,-0.0632734,0.000165093,0.000880157,1,2,0.502583,0.487419,0.875166,0.875166,5.20662,0.24839,-0.0876499,8.36841,-5.27394e-05,-1.00255e-05,4.3879,-0.525412,13,1,860160,896,832,640
1,1,1937,3,7,-0.114165,0.511053,-0.851934,0,0.72873,0.625916,0.277816,0,0.675217,-0.589113,-0.443878,0,-1.22957,0.0124498,0.363314,1,1000015728635139000,6.08125,0.01,6295,1,1,1,0.64112,0.235227,0.123654,0.193153,0.651026,0.155823,0.0942861,0.256904,0.648825,1.75667,-0.555222,-0.201446,-0.508254,1.85749,-0.349234,-0.0540321,-0.654794,1.7088,0.78,1,1000015728635139000,0.9999,-0.00260894,-0.013909,0,0.00261115,0.999997,0.000141284,0,0.0139086,-0.000177588,0.999903,0,-0.0632734,0.000165093,0.000880157,1,2,0.502583,0.487419,0.875166,0.875166,5.20662,0.24839,-0.0876499,8.36841,-5.27394e-05,-1.00255e-05,4.3879,-0.525412,13,1,860160,896,832,640
1,1,1938,3,7,-0.114182,0.511026,-0.851948,0,0.728736,0.625925,0.277782,0,0.675209,-0.589127,-0.443872,0,-1.22957,0.0124498,0.363314,1,1000015728646250300,6.08266,0.01,6295,1,1,1,0.64112,0.235227,0.123654,0.193153,0.651026,0.155823,0.0942861,0.256904,0.648825,1.75667,-0.555222,-0.201446,-0.508254,1.85749,-0.349234,-0.0540321,-0.654794,1.7088,0.78,1,1000015728646250300,0.9999,-0.00260894,-0.013909,0,0.00261115,0.999997,0.000141284,0,0.0139086,-0.000177588,0.999903,0,-0.0632734,0.000165093,0.000880157,1,2,0.502583,0.487419,0.875166,0.875166,5.20662,0.24839,-0.0876499,8.36841,-5.27394e-05,-1.00255e-05,4.3879,-0.525412,13,1,860160,896,832,640
1,1,1939,3,7,-0.114209,0.51104,-0.851936,0,0.728759,0.625907,0.277759,0,0.675178,-0.589134,-0.44391,0,-1.22957,0.0124498,0.363314,1,1000015728657361400,6.08405,0.01,6295,1,1,1,0.64112,0.235227,0.123654,0.193153,0.651026,0.155823,0.0942861,0.256904,0.648825,1.75667,-0.555222,-0.201446,-0.508254,1.85749,-0.349234,-0.0540321,-0.654794,1.7088,0.78,1,1000015728657361400,0.9999,-0.00260894,-0.013909,0,0.00261115,0.999997,0.000141284,0,0.0139086,-0.000177588,0.999903,0,-0.0632734,0.000165093,0.000880157,1,2,0.502583,0.487419,0.875166,0.875166,5.20662,0.24839,-0.0876499,8.36841,-5.27394e-05,-1.00255e-05,4.3879,-0.525412,13,1,860160,896,832,640
1,1,1940,3,7,-0.114207,0.511076,-0.851915,0,0.728763,0.625892,0.277784,0,0.675175,-0.589119,-0.443934,0,-1.22957,0.0124498,0.363314,1,1000015728668472500,6.08545,0.01,6295,1,1,1,0.64112,0.235227,0.123654,0.193153,0.651026,0.155823,0.0942861,0.256904,0.648825,1.75667,-0.555222,-0.201446,-0.508254,1.85749,-0.349234,-0.0540321,-0.654794,1.7088,0.78,1,1000015728668472500,0.9999,-0.00260894,-0.013909,0,0.00261115,0.999997,0.000141284,0,0.0139086,-0.000177588,0.999903,0,-0.0632734,0.000165093,0.000880157,1,2,0.502583,0.487419,0.875166,0.875166,5.20662,0.24839,-0.0876499,8.36841,-5.27394e-05,-1.00255e-05,4.3879,-0.525412,13,1,860160,896,832,640
1,1,1941,3,7,-0.114218,0.511132,-0.851879,0,0.728775,0.625866,0.27781,0,0.67516,-0.589097,-0.443986,0,-1.22957,0.0124498,0.363314,1,1000015728679583800,6.08698,0.01,6295,1,1,1,0.64112,0.235227,0.123654,0.193153,0.651026,0.155823,0.0942861,0.256904,0.648825,1.75667,-0.555222,-0.201446,-0.508254,1.85749,-0.349234,-0.0540321,-0.654794,1.7088,0.78,1,1000015728679583800,0.9999,-0.00260894,-0.013909,0,0.00261115,0.999997,0.000141284,0,0.0139086,-0.000177588,0.999903,0,-0.0632734,0.000165093,0.000880157,1,2,0.502583,0.487419,0.875166,0.875166,5.20662,0.24839,-0.0876499,8.36841,-5.27394e-05,-1.00255e-05,4.3879,-0.525412,13,1,860160,896,832,640
1,1,1942,3,7,-0.114224,0.511161,-0.851861,0,0.728767,0.625866,0.277834,0,0.675168,-0.589072,-0.444006,0,-1.22957,0.0124498,0.363314,1,1000015728690695100,6.08858,0.01,6295,1,1,1,0.64112,0.235227,0.123654,0.193153,0.651026,0.155823,0.0942861,0.256904,0.648825,1.75667,-0.555222,-0.201446,-0.508254,1.85749,-0.349234,-0.0540321,-0.654794,1.7088,0.78,1,1000015728690695100,0.9999,-0.00260894,-0.013909,0,0.00261115,0.999997,0.000141284,0,0.0139086,-0.000177588,0.999903,0,-0.0632734,0.000165093,0.000880157,1,2,0.502583,0.487419,0.875166,0.875166,5.20662,0.24839,-0.0876499,8.36841,-5.27394e-05,-1.00255e-05,4.3879,-0.525412,13,1,860160,896,832,640
1,1,1943,3,7,-0.114284,0.511208,-0.851825,0,0.728768,0.625866,0.277828,0,0.675156,-0.589032,-0.444078,0,-1.22957,0.0124498,0.363314,1,1000015728701806200,6.09021,0.01,6295,1,1,1,0.64112,0.235227,0.123654,0.193153,0.651026,0.155823,0.0942861,0.256904,0.648825,1.75667,-0.555222,-0.201446,-0.508254,1.85749,-0.349234,-0.0540321,-0.654794,1.7088,0.78,1,1000015728701806200,0.9999,-0.00260894,-0.013909,0,0.00261115,0.999997,0.000141284,0,0.0139086,-0.000177588,0.999903,0,-0.0632734,0.000165093,0.000880157,1,2,0.502583,0.487419,0.875166,0.875166,5.20662,0.24839,-0.0876499,8.36841,-5.27394e-05,-1.00255e-05,4.3879,-0.525412,13,1,860160,896,832,640
1,1,1944,3,7,-0.114354,0.511244,-0.851794,0,0.728763,0.625879,0.277814,0,0.67515,-0.588987,-0.444147,0,-1.22957,0.0124498,0.363314,1,1000015728712917400,6.09186,0.01,6295,1,1,1,0.64112,0.235227,0.123654,0.193153,0.651026,0.155823,0.0942861,0.256904,0.648825,1.75667,-0.555222,-0.201446,-0.508254,1.85749,-0.349234,-0.0540321,-0.654794,1.7088,0.78,1,1000015728712917400,0.9999,-0.00260894,-0.013909,0,0.00261115,0.999997,0.000141284,0,0.0139086,-0.000177588,0.999903,0,-0.0632734,0.000165093,0.000880157,1,2,0.502583,0.487419,0.875166,0.875166,5.20662,0.24839,-0.0876499,8.36841,-5.27394e-05,-1.00255e-05,4.3879,-0.525412,13,1,860160,896,832,640
1,1,1945,3,7,-0.114379,0.511252,-0.851786,0,0.728769,0.625878,0.2778,0,0.67514,-0.58898,-0.444172,0,-1.22957,0.0124498,0.363314,1,1000015728724028700,6.09393,0.01,6295,1,1,1,0.64112,0.235227,0.123654,0.193153,0.651026,0.155823,0.0942861,0.256904,0.648825,1.75667,-0.555222,-0.201446,-0.508254,1.85749,-0.349234,-0.0540321,-0.654794,1.7088,0.78,1,1000015728724028700,0.9999,-0.00260894,-0.013909,0,0.00261115,0.999997,0.000141284,0,0.0139086,-0.000177588,0.999903,0,-0.0632734,0.000165093,0.000880157,1,2,0.502583,0.487419,0.875166,0.875166,5.20662,0.24839,-0.0876499,8.36841,-5.27394e-05,-1.00255e-05,4.3879,-0.525412,13,1,860160,896,832,640
1,1,1946,3,7,-0.114414,0.511276,-0.851767,0,0.728756,0.625892,0.277803,0,0.675148,-0.588945,-0.444206,0,-1.22957,0.0124498,0.363314,1,1000015728735139900,6.09542,0.01,6295,1,1,1,0.64112,0.235227,0.123654,0.193153,0.651026,0.155823,0.0942861,0.256904,0.648825,1.75667,-0.555222,-0.201446,-0.508254,1.85749,-0.349234,-0.0540321,-0.654794,1.7088,0.78,1,1000015728735139900,0.9999,-0.00260894,-0.013909,0,0.00261115,0.999997,0.000141284,0,0.0139086,-0.000177588,0.999903,0,-0.0632734,0.000165093,0.000880157,1,2,0.502583,0.487419,0.875166,0.875166,5.20662,0.24839,-0.0876499,8.36841,-5.27394e-05,-1.00255e-05,4.3879,-0.525412,13,1,860160,896,832,640
1,1,1947,3,7,-0.114413,0.511289,-0.851759,0,0.728765,0.62588,0.277807,0,0.675138,-0.588947,-0.444218,0,-1.22957,0.0124498,0.363314,1,1000015728746251000,6.09694,0.01,6295,1,1,1,0.64112,0.235227,0.123654,0.193153,0.651026,0.155823,0.0942861,0.256904,0.648825,1.75667,-0.555222,-0.201446,-0.508254,1.85749,-0.349234,-0.0540321,-0.654794,1.7088,0.78,1,1000015728746251000,0.9999,-0.00260894,-0.013909,0,0.00261115,0.999997,0.000141284,0,0.0139086,-0.000177588,0.999903,0,-0.0632734,0.000165093,0.000880157,1,2,0.502583,0.487419,0.875166,0.875166,5.20662,0.24839,-0.0876499,8.36841,-5.27394e-05,-1.00255e-05,4.3879,-0.525412,13,1,860160,896,832,640
1,1,1948,3,7,-0.114383,0.511304,-0.851754,0,0.72875,0.625878,0.277847,0,0.675159,-0.588935,-0.444203,0,-1.22957,0.0124498,0.363314,1,1000015728757362100,6.09857,0.01,6295,1,1,1,0.64112,0.235227,0.123654,0.193153,0.651026,0.155823,0.0942861,0.256904,0.648825,1.75667,-0.555222,-0.201446,-0.508254,1.85749,-0.349234,-0.0540321,-0.654794,1.7088,0.78,1,1000015728757362100,0.9999,-0.00260894,-0.013909,0,0.00261115,0.999997,0.000141284,0,0.0139086,-0.000177588,0.999903,0,-0.0632734,0.000165093,0.000880157,1,2,0.502583,0.487419,0.875166,0.875166,5.20662,0.24839,-0.0876499,8.36841,-5.27394e-05,-1.00255e-05,4.3879,-0.525412,13,1,860160,896,832,640
1,1,1949,3,7,-0.114367,0.511314,-0.85175,0,0.728745,0.625875,0.277868,0,0.675167,-0.58893,-0.444197,0,-1.22957,0.0124498,0.363314,1,1000015728768473400,6.10022,0.01,6295,1,1,1,0.64112,0.235227,0.123654,0.193153,0.651026,0.155823,0.0942861,0.256904,0.648825,1.75667,-0.555222,-0.201446,-0.508254,1.85749,-0.349234,-0.0540321,-0.654794,1.7088,0.78,1,1000015728768473400,0.9999,-0.00260894,-0.013909,0,0.00261115,0.999997,0.000141284,0,0.0139086,-0.000177588,0.999903,0,-0.0632734,0.000165093,0.000880157,1,2,0.502583,0.487419,0.875166,0.875166,5.20662,0.24839,-0.0876499,8.36841,-5.27394e-05,-1.00255e-05,4.3879,-0.525412,13,1,860160,896,832,640
1,1,1950,3,7,-0.114358,0.511318,-0.851749,0,0.728732,0.625882,0.277885,0,0.675182,-0.588918,-0.444189,0,-1.22957,0.0124498,0.363314,1,1000015728779584700,6.10201,0.01,6295,1,1,1,0.64112,0.235227,0.123654,0.193153,0.651026,0.155823,0.0942861,0.256904,0.648825,1.75667,-0.555222,-0.201446,-0.508254,1.85749,-0.349234,-0.0540321,-0.654794,1.7088,0.78,1,1000015728779584700,0.9999,-0.00260894,-0.013909,0,0.00261115,0.999997,0.000141284,0,0.0139086,-0.000177588,0.999903,0,-0.0632734,0.000165093,0.000880157,1,2,0.502583,0.487419,0.875166,0.875166,5.20662,0.24839,-0.0876499,8.36841,-5.27394e-05,-1.00255e-05,4.3879,-0.525412,13,1,860160,896,832,640
1,1,1951,3,7,-0.114405,0.511355,-0.85172,0,0.728712,0.625902,0.277896,0,0.675197,-0.588866,-0.444237,0,-1.22957,0.0124498,0.363314,1,1000015728790695800,6.10381,0.01,6295,1,1,1,0.64112,0.235227,0.123654,0.193153,0.651026,0.155823,0.0942861,0.256904,0.648825,1.75667,-0.555222,-0.201446,-0.508254,1.85749,-0.349234,-0.0540321,-0.654794,1.7088,0.78,1,1000015728790695800,0.9999,-0.00260894,-0.013909,0,0.00261115,0.999997,0.000141284,0,0.0139086,-0.000177588,0.999903,0,-0.0632734,0.000165093,0.000880157,1,2,0.502583,0.487419,0.875166,0.875166,5.20662,0.24839,-0.0876499,8.36841,-5.27394e-05,-1.00255e-05,4.3879,-0.525412,13,1,860160,896,832,640
1,1,1952,3,7,-0.114378,0.511327,-0.851741,0,0.728676,0.625934,0.277916,0,0.67524,-0.588856,-0.444185,0,-1.22957,0.0124498,0.363314,1,1000015728801806900,6.1053,0.01,6295,1,1,1,0.64112,0.235227,0.123654,0.193153,0.651026,0.155823,0.0942861,0.256904,0.648825,1.75667,-0.555222,-0.201446,-0.508254,1.85749,-0.349234,-0.0540321,-0.654794,1.7088,0.78,1,1000015728801806900,0.9999,-0.00260894,-0.013909,0,0.00261115,0.999997,0.000141284,0,0.0139086,-0.000177588,0.999903,0,-0.0632734,0.000165093,0.000880157,1,2,0.502583,0.487419,0.875166,0.875166,5.20662,0.24839,-0.0876499,8.36841,-5.27394e-05,-1.00255e-05,4.3879,-0.525412,13,1,860160,896,832,640
1,1,1953,3,7,-0.114368,0.511316,-0.851749,0,0.728665,0.625945,0.277922,0,0.675254,-0.588854,-0.444166,0,-1.22957,0.0124498,0.363314,1,1000015728812918200,6.10682,0.01,6295,1,1,1,0.64112,0.235227,0.123654,0.193153,0.651026,0.155823,0.0942861,0.256904,0.648825,1.75667,-0.555222,-0.201446,-0.508254,1.85749,-0.349234,-0.0540321,-0.654794,1.7088,0.78,1,1000015728812918200,0.9999,-0.00260894,-0.013909,0,0.00261115,0.999997,0.000141284,0,0.0139086,-0.000177588,0.999903,0,-0.0632734,0.000165093,0.000880157,1,2,0.502583,0.487419,0.875166,0.875166,5.20662,0.24839,-0.0876499,8.36841,-5.27394e-05,-1.00255e-05,4.3879,-0.525412,13,1,860160,896,832,640
1,1,1954,3,7,-0.114314,0.511281,-0.851777,0,0.72863,0.625971,0.277954,0,0.6753,-0.588856,-0.444092,0,-1.22957,0.0124498,0.363314,1,1000015728824029500,6.10834,0.01,6295,1,1,1,0.64112,0.235227,0.123654,0.193153,0.651026,0.155823,0.0942861,0.256904,0.648825,1.75667,-0.555222,-0.201446,-0.508254,1.85749,-0.349234,-0.0540321,-0.654794,1.7088,0.78,1,1000015728824029500,0.9999,-0.00260894,-0.013909,0,0.00261115,0.999997,0.000141284,0,0.0139086,-0.000177588,0.999903,0,-0.0632734,0.000165093,0.000880157,1,2,0.502583,0.487419,0.875166,0.875166,5.20662,0.24839,-0.0876499,8.36841,-5.27394e-05,-1.00255e-05,4.3879,-0.525412,13,1,860160,896,832,640
1,1,1955,3,7,-0.114316,0.51129,-0.851771,0,0.728631,0.625968,0.277959,0,0.675299,-0.588851,-0.4441,0,-1.22957,0.0124498,0.363314,1,1000015728835140600,6.11005,0.01,6295,1,1,1,0.64112,0.235227,0.123654,0.193153,0.651026,0.155823,0.0942861,0.256904,0.648825,1.75667,-0.555222,-0.201446,-0.508254,1.85749,-0.349234,-0.0540321,-0.654794,1.7088,0.78,1,1000015728835140600,0.9999,-0.00260894,-0.013909,0,0.00261115,0.999997,0.000141284,0,0.0139086,-0.000177588,0.999903,0,-0.0632734,0.000165093,0.000880157,1,2,0.502583,0.487419,0.875166,0.875166,5.20662,0.24839,-0.0876499,8.36841,-5.27394e-05,-1.00255e-05,4.3879,-0.525412,13,1,860160,896,832,640
1,1,1956,3,7,-0.114271,0.511288,-0.851779,0,0.728618,0.625967,0.277994,0,0.675321,-0.588855,-0.444063,0,-1.22957,0.0124498,0.363314,1,1000015728846251700,6.11182,0.01,6295,1,1,1,0.64112,0.235227,0.123654,0.193153,0.651026,0.155823,0.0942861,0.256904,0.648825,1.75667,-0.555222,-0.201446,-0.508254,1.85749,-0.349234,-0.0540321,-0.654794,1.7088,0.78,1,1000015728846251700,0.9999,-0.00260894,-0.013909,0,0.00261115,0.999997,0.000141284,0,0.0139086,-0.000177588,0.999903,0,-0.0632734,0.000165093,0.000880157,1,2,0.502583,0.487419,0.875166,0.875166,5.20662,0.24839,-0.0876499,8.36841,-5.27394e-05,-1.00255e-05,4.3879,-0.525412,13,1,860160,896,832,640
1,1,1957,3,7,-0.114267,0.511312,-0.851765,0,0.728612,0.625963,0.278018,0,0.675327,-0.588838,-0.444075,0,-1.22957,0.0124498,0.363314,1,1000015728857363000,6.1136,0.01,6295,1,1,1,0.64112,0.235227,0.123654,0.193153,0.651026,0.155823,0.0942861,0.256904,0.648825,1.75667,-0.555222,-0.201446,-0.508254,1.85749,-0.349234,-0.0540321,-0.654794,1.7088,0.78,1,1000015728857363000,0.9999,-0.00260894,-0.013909,0,0.00261115,0.999997,0.000141284,0,0.0139086,-0.000177588,0.999903,0,-0.0632734,0.000165093,0.000880157,1,2,0.502583,0.487419,0.875166,0.875166,5.20662,0.24839,-0.0876499,8.36841,-5.27394e-05,-1.00255e-05,4.3879,-0.525412,13,1,860160,896,832,640
1,1,1958,3,7,-0.114236,0.511299,-0.851776,0,0.728588,0.62598,0.278045,0,0.675359,-0.588831,-0.444036,0,-1.22957,0.0124498,0.363314,1,1000015728868474300,6.11508,0.01,6295,1,1,1,0.64112,0.235227,0.123654,0.193153,0.651026,0.155823,0.0942861,0.256904,0.648825,1.75667,-0.555222,-0.201446,-0.508254,1.85749,-0.349234,-0.0540321,-0.654794,1.7088,0.78,1,1000015728868474300,0.9999,-0.00260894,-0.013909,0,0.00261115,0.999997,0.000141284,0,0.0139086,-0.000177588,0.999903,0,-0.0632734,0.000165093,0.000880157,1,2,0.502583,0.487419,0.875166,0.875166,5.20662,0.24839,-0.0876499,8.36841,-5.27394e-05,-1.00255e-05,4.3879,-0.525412,13,1,860160,896,832,640
1,1,1959,3,7,-0.114247,0.511319,-0.851763,0,0.728587,0.625977,0.278053,0,0.675358,-0.588816,-0.444057,0,-1.22957,0.0124498,0.363314,1,1000015728879585500,6.11662,0.01,6295,1,1,1,0.64112,0.235227,0.123654,0.193153,0.651026,0.155823,0.0942861,0.256904,0.648825,1.75667,-0.555222,-0.201446,-0.508254,1.85749,-0.349234,-0.0540321,-0.654794,1.7088,0.78,1,1000015728879585500,0.9999,-0.00260894,-0.013909,0,0.00261115,0.999997,0.000141284,0,0.0139086,-0.000177588,0.999903,0,-0.0632734,0.000165093,0.000880157,1,2,0.502583,0.487419,0.875166,0.875166,5.20662,0.24839,-0.0876499,8.36841,-5.27394e-05,-1.00255e-05,4.3879,-0.525412,13,1,860160,896,832,640
1,1,1960,3,7,-0.114221,0.511284,-0.851788,0,0.728581,0.625987,0.278047,0,0.675369,-0.588838,-0.444012,0,-1.22957,0.0124498,0.363314,1,1000015728890696500,6.11815,0.01,6295,1,1,1,0.64112,0.235227,0.123654,0.193153,0.651026,0.155823,0.0942861,0.256904,0.648825,1.75667,-0.555222,-0.201446,-0.508254,1.85749,-0.349234,-0.0540321,-0.654794,1.7088,0.78,1,1000015728890696500,0.9999,-0.00260894,-0.013909,0,0.00261115,0.999997,0.000141284,0,0.0139086,-0.000177588,0.999903,0,-0.0632734,0.000165093,0.000880157,1,2,0.502583,0.487419,0.875166,0.875166,5.20662,0.24839,-0.0876499,8.36841,-5.27394e-05,-1.00255e-05,4.3879,-0.525412,13,1,860160,896,832,640
1,1,1961,3,7,-0.114224,0.511264,-0.851799,0,0.728564,0.626008,0.278043,0,0.675386,-0.588832,-0.443994,0,-1.22957,0.0124498,0.363314,1,1000015728901807800,6.11979,0.01,6295,1,1,1,0.64112,0.235227,0.123654,0.193153,0.651026,0.155823,0.0942861,0.256904,0.648825,1.75667,-0.555222,-0.201446,-0.508254,1.85749,-0.349234,-0.0540321,-0.654794,1.7088,0.78,1,1000015728901807800,0.9999,-0.00260894,-0.013909,0,0.00261115,0.999997,0.000141284,0,0.0139086,-0.000177588,0.999903,0,-0.0632734,0.000165093,0.000880157,1,2,0.502583,0.487419,0.875166,0.875166,5.20662,0.24839,-0.0876499,8.36841,-5.27394e-05,-1.00255e-05,4.3879,-0.525412,13,1,860160,896,832,640
1,1,1962,3,7,-0.114222,0.511247,-0.851809,0,0.728563,0.626014,0.278032,0,0.675388,-0.58884,-0.443981,0,-1.22957,0.0124498,0.363314,1,1000015728912919100,6.12152,0.01,6295,1,1,1,0.64112,0.235227,0.123654,0.193153,0.651026,0.155823,0.0942861,0.256904,0.648825,1.75667,-0.555222,-0.201446,-0.508254,1.85749,-0.349234,-0.0540321,-0.654794,1.7088,0.78,1,1000015728912919100,0.9999,-0.00260894,-0.013909,0,0.00261115,0.999997,0.000141284,0,0.0139086,-0.000177588,0.999903,0,-0.0632734,0.000165093,0.000880157,1,2,0.502583,0.487419,0.875166,0.875166,5.20662,0.24839,-0.0876499,8.36841,-5.27394e-05,-1.00255e-05,4.3879,-0.525412,13,1,860160,896,832,640
1,1,1963,3,7,-0.114244,0.511268,-0.851794,0,0.728547,0.626028,0.278043,0,0.675402,-0.588807,-0.444002,0,-1.22957,0.0124498,0.363314,1,1000015728924030200,6.12329,0.01,6295,1,1,1,0.64112,0.235227,0.123654,0.193153,0.651026,0.155823,0.0942861,0.256904,0.648825,1.75667,-0.555222,-0.201446,-0.508254,1.85749,-0.349234,-0.0540321,-0.654794,1.7088,0.78,1,1000015728924030200,0.9999,-0.00260894,-0.013909,0,0.00261115,0.999997,0.000141284,0,0.0139086,-0.000177588,0.999903,0,-0.0632734,0.000165093,0.000880157,1,2,0.502583,0.487419,0.875166,0.875166,5.20662,0.24839,-0.0876499,8.36841,-5.27394e-05,-1.00255e-05,4.3879,-0.525412,13,1,860160,896,832,640
1,1,1964,3,7,-0.114186,0.511241,-0.851818,0,0.728543,0.626024,0.278064,0,0.675416,-0.588835,-0.443945,0,-1.22957,0.0124498,0.363314,1,1000015728935141300,6.12504,0.01,6295,1,1,1,0.64112,0.235227,0.123654,0.193153,0.651026,0.155823,0.0942861,0.256904,0.648825,1.75667,-0.555222,-0.201446,-0.508254,1.85749,-0.349234,-0.0540321,-0.654794,1.7088,0.78,1,1000015728935141300,0.9999,-0.00260894,-0.013909,0,0.00261115,0.999997,0.000141284,0,0.0139086,-0.000177588,0.999903,0,-0.0632734,0.000165093,0.000880157,1,2,0.502583,0.487419,0.875166,0.875166,5.20662,0.24839,-0.0876499,8.36841,-5.27394e-05,-1.00255e-05,4.3879,-0.525412,13,1,860160,896,832,640
1,1,1965,3,7,-0.114161,0.511234,-0.851826,0,0.728542,0.62602,0.278075,0,0.675421,-0.588845,-0.443922,0,-1.22957,0.0124498,0.363314,1,1000015728946252700,6.12648,0.01,6295,1,1,1,0.64112,0.235227,0.123654,0.193153,0.651026,0.155823,0.0942861,0.256904,0.648825,1.75667,-0.555222,-0.201446,-0.508254,1.85749,-0.349234,-0.0540321,-0.654794,1.7088,0.78,1,1000015728946252700,0.9999,-0.00260894,-0.013909,0,0.00261115,0.999997,0.000141284,0,0.0139086,-0.000177588,0.999903,0,-0.0632734,0.000165093,0.000880157,1,2,0.502583,0.487419,0.875166,0.875166,5.20662,0.24839,-0.0876499,8.36841,-5.27394e-05,-1.00255e-05,4.3879,-0.525412,13,1,860160,896,832,640
1,1,1966,3,7,-0.114154,0.511239,-0.851824,0,0.728533,0.626024,0.278089,0,0.675432,-0.588837,-0.443917,0,-1.22957,0.0124498,0.363314,1,1000015728957363900,6.12803,0.01,6295,1,1,1,0.64112,0.235227,0.123654,0.193153,0.651026,0.155823,0.0942861,0.256904,0.648825,1.75667,-0.555222,-0.201446,-0.508254,1.85749,-0.349234,-0.0540321,-0.654794,1.7088,0.78,1,1000015728957363900,0.9999,-0.00260894,-0.013909,0,0.00261115,0.999997,0.000141284,0,0.0139086,-0.000177588,0.999903,0,-0.0632734,0.000165093,0.000880157,1,2,0.502583,0.487419,0.875166,0.875166,5.20662,0.24839,-0.0876499,8.36841,-5.27394e-05,-1.00255e-05,4.3879,-0.525412,13,1,860160,896,832,640
1,1,1967,3,7,-0.114129,0.511215,-0.851842,0,0.728543,0.626016,0.278081,0,0.675426,-0.588866,-0.443888,0,-1.22957,0.0124498,0.363314,1,1000015728968475000,6.12958,0.01,6295,1,1,1,0.64112,0.235227,0.123654,0.193153,0.651026,0.155823,0.0942861,0.256904,0.648825,1.75667,-0.555222,-0.201446,-0.508254,1.85749,-0.349234,-0.0540321,-0.654794,1.7088,0.78,1,1000015728968475000,0.9999,-0.00260894,-0.013909,0,0.00261115,0.999997,0.000141284,0,0.0139086,-0.000177588,0.999903,0,-0.0632734,0.000165093,0.000880157,1,2,0.502583,0.487419,0.875166,0.875166,5.20662,0.24839,-0.0876499,8.36841,-5.27394e-05,-1.00255e-05,4.3879,-0.525412,13,1,860160,896,832,640
1,1,1968,3,7,-0.114093,0.511182,-0.851866,0,0.728564,0.625999,0.278066,0,0.675409,-0.588913,-0.443851,0,-1.22957,0.0124498,0.363314,1,1000015728979586100,6.13127,0.01,6295,1,1,1,0.64112,0.235227,0.123654,0.193153,0.651026,0.155823,0.0942861,0.256904,0.648825,1.75667,-0.555222,-0.201446,-0.508254,1.85749,-0.349234,-0.0540321,-0.654794,1.7088,0.78,1,1000015728979586100,0.9999,-0.00260894,-0.013909,0,0.00261115,0.999997,0.000141284,0,0.0139086,-0.000177588,0.999903,0,-0.0632734,0.000165093,0.000880157,1,2,0.502583,0.487419,0.875166,0.875166,5.20662,0.24839,-0.0876499,8.36841,-5.27394e-05,-1.00255e-05,4.3879,-0.525412,13,1,860160,896,832,640
1,1,1969,3,7,-0.114076,0.511168,-0.851877,0,0.728569,0.625994,0.278063,0,0.675407,-0.588931,-0.443832,0,-1.22957,0.0124498,0.363314,1,1000015728990697400,6.13296,0.01,6295,1,1,1,0.64112,0.235227,0.123654,0.193153,0.651026,0.155823,0.0942861,0.256904,0.648825,1.75667,-0.555222,-0.201446,-0.508254,1.85749,-0.349234,-0.0540321,-0.654794,1.7088,0.78,1,1000015728990697400,0.9999,-0.00260894,-0.013909,0,0.00261115,0.999997,0.000141284,0,0.0139086,-0.000177588,0.999903,0,-0.0632734,0.000165093,0.000880157,1,2,0.502583,0.487419,0.875166,0.875166,5.20662,0.24839,-0.0876499,8.36841,-5.27394e-05,-1.00255e-05,4.3879,-0.525412,13,1,860160,896,832,640
1,1,1970,3,7,-0.114074,0.511175,-0.851873,0,0.728583,0.625979,0.27806,0,0.675392,-0.588941,-0.443841,0,-1.22957,0.0124498,0.363314,1,1000015729001808700,6.13407,0.01,6295,1,1,1,0.64112,0.235227,0.123654,0.193153,0.651026,0.155823,0.0942861,0.256904,0.648825,1.75667,-0.555222,-0.201446,-0.508254,1.85749,-0.349234,-0.0540321,-0.654794,1.7088,0.78,1,1000015729001808700,0.9999,-0.00260894,-0.013909,0,0.00261115,0.999997,0.000141284,0,0.0139086,-0.000177588,0.999903,0,-0.0632734,0.000165093,0.000880157,1,2,0.502583,0.487419,0.875166,0.875166,5.20662,0.24839,-0.0876499,8.36841,-5.27394e-05,-1.00255e-05,4.3879,-0.525412,13,1,860160,896,832,640
1,1,1971,3,7,-0.114076,0.511206,-0.851854,0,0.72859,0.625963,0.278078,0,0.675384,-0.58893,-0.443867,0,-1.22957,0.0124498,0.363314,1,1000015729012919800,6.13518,0.01,6295,1,1,1,0.64112,0.235227,0.123654,0.193153,0.651026,0.155823,0.0942861,0.256904,0.648825,1.75667,-0.555222,-0.201446,-0.508254,1.85749,-0.349234,-0.0540321,-0.654794,1.7088,0.78,1,1000015729012919800,0.9999,-0.00260894,-0.013909,0,0.00261115,0.999997,0.000141284,0,0.0139086,-0.000177588,0.999903,0,-0.0632734,0.000165093,0.000880157,1,2,0.502583,0.487419,0.875166,0.875166,5.20662,0.24839,-0.0876499,8.36841,-5.27394e-05,-1.00255e-05,4.3879,-0.525412,13,1,860160,896,832,640
1,1,1972,3,7,-0.114067,0.5112,-0.851859,0,0.728616,0.62594,0.278062,0,0.675358,-0.58896,-0.443867,0,-1.22957,0.0124498,0.363314,1,1000015729024030900,6.13637,0.01,6295,1,1,1,0.64112,0.235227,0.123654,0.193153,0.651026,0.155823,0.0942861,0.256904,0.648825,1.75667,-0.555222,-0.201446,-0.508254,1.85749,-0.349234,-0.0540321,-0.654794,1.7088,0.78,1,1000015729024030900,0.9999,-0.00260894,-0.013909,0,0.00261115,0.999997,0.000141284,0,0.0139086,-0.000177588,0.999903,0,-0.0632734,0.000165093,0.000880157,1,2,0.502583,0.487419,0.875166,0.875166,5.20662,0.24839,-0.0876499,8.36841,-5.27394e-05,-1.00255e-05,4.3879,-0.525412,13,1,860160,896,832,640
1,1,1973,3,7,-0.114058,0.511195,-0.851863,0,0.728617,0.625938,0.278064,0,0.675358,-0.588966,-0.443859,0,-1.22957,0.0124498,0.363314,1,1000015729035142200,6.13756,0.01,6295,1,1,1,0.64112,0.235227,0.123654,0.193153,0.651026,0.155823,0.0942861,0.256904,0.648825,1.75667,-0.555222,-0.201446,-0.508254,1.85749,-0.349234,-0.0540321,-0.654794,1.7088,0.78,1,1000015729035142200,0.9999,-0.00260894,-0.013909,0,0.00261115,0.999997,0.000141284,0,0.0139086,-0.000177588,0.999903,0,-0.0632734,0.000165093,0.000880157,1,2,0.502583,0.487419,0.875166,0.875166,5.20662,0.24839,-0.0876499,8.36841,-5.27394e-05,-1.00255e-05,4.3879,-0.525412,13,1,860160,896,832,640
1,1,1974,3,7,-0.114059,0.511202,-0.851859,0,0.728655,0.625903,0.278043,0,0.675317,-0.588998,-0.443879,0,-1.22957,0.0124498,0.363314,1,1000015729046253500,6.1388,0.01,6295,1,1,1,0.64112,0.235227,0.123654,0.193153,0.651026,0.155823,0.0942861,0.256904,0.648825,1.75667,-0.555222,-0.201446,-0.508254,1.85749,-0.349234,-0.0540321,-0.654794,1.7088,0.78,1,1000015729046253500,0.9999,-0.00260894,-0.013909,0,0.00261115,0.999997,0.000141284,0,0.0139086,-0.000177588,0.999903,0,-0.0632734,0.000165093,0.000880157,1,2,0.502583,0.487419,0.875166,0.875166,5.20662,0.24839,-0.0876499,8.36841,-5.27394e-05,-1.00255e-05,4.3879,-0.525412,13,1,860160,896,832,640
1,1,1975,3,7,-0.114075,0.511239,-0.851835,0,0.728673,0.625879,0.278047,0,0.675294,-0.588991,-0.443923,0,-1.22957,0.0124498,0.363314,1,1000015729057364700,6.14006,0.01,6295,1,1,1,0.64112,0.235227,0.123654,0.193153,0.651026,0.155823,0.0942861,0.256904,0.648825,1.75667,-0.555222,-0.201446,-0.508254,1.85749,-0.349234,-0.0540321,-0.654794,1.7088,0.78,1,1000015729057364700,0.9999,-0.00260894,-0.013909,0,0.00261115,0.999997,0.000141284,0,0.0139086,-0.000177588,0.999903,0,-0.0632734,0.000165093,0.000880157,1,2,0.502583,0.487419,0.875166,0.875166,5.20662,0.24839,-0.0876499,8.36841,-5.27394e-05,-1.00255e-05,4.3879,-0.525412,13,1,860160,896,832,640
1,1,1976,3,7,-0.114083,0.511265,-0.851818,0,0.728714,0.625837,0.278035,0,0.675249,-0.589012,-0.443963,0,-1.22957,0.0124498,0.363314,1,1000015729068475700,6.14136,0.01,6295,1,1,1,0.64112,0.235227,0.123654,0.193153,0.651026,0.155823,0.0942861,0.256904,0.648825,1.75667,-0.555222,-0.201446,-0.508254,1.85749,-0.349234,-0.0540321,-0.654794,1.7088,0.78,1,1000015729068475700,0.9999,-0.00260894,-0.013909,0,0.00261115,0.999997,0.000141284,0,0.0139086,-0.000177588,0.999903,0,-0.0632734,0.000165093,0.000880157,1,2,0.502583,0.487419,0.875166,0.875166,5.20662,0.24839,-0.0876499,8.36841,-5.27394e-05,-1.00255e-05,4.3879,-0.525412,13,1,860160,896,832,640
1,1,1977,3,7,-0.114092,0.511296,-0.851798,0,0.728722,0.625823,0.278046,0,0.675238,-0.589001,-0.443994,0,-1.22957,0.0124498,0.363314,1,1000015729079587000,6.14268,0.01,6295,1,1,1,0.64112,0.235227,0.123654,0.193153,0.651026,0.155823,0.0942861,0.256904,0.648825,1.75667,-0.555222,-0.201446,-0.508254,1.85749,-0.349234,-0.0540321,-0.654794,1.7088,0.78,1,1000015729079587000,0.9999,-0.00260894,-0.013909,0,0.00261115,0.999997,0.000141284,0,0.0139086,-0.000177588,0.999903,0,-0.0632734,0.000165093,0.000880157,1,2,0.502583,0.487419,0.875166,0.875166,5.20662,0.24839,-0.0876499,8.36841,-5.27394e-05,-1.00255e-05,4.3879,-0.525412,13,1,860160,896,832,640
1,1,1978,3,7,-0.114104,0.511312,-0.851787,0,0.728753,0.625794,0.27803,0,0.675203,-0.589017,-0.444026,0,-1.22957,0.0124498,0.363314,1,1000015729090698300,6.14404,0.01,6295,1,1,1,0.64112,0.235227,0.123654,0.193153,0.651026,0.155823,0.0942861,0.256904,0.648825,1.75667,-0.555222,-0.201446,-0.508254,1.85749,-0.349234,-0.0540321,-0.654794,1.7088,0.78,1,1000015729090698300,0.9999,-0.00260894,-0.013909,0,0.00261115,0.999997,0.000141284,0,0.0139086,-0.000177588,0.999903,0,-0.0632734,0.000165093,0.000880157,1,2,0.502583,0.487419,0.875166,0.875166,5.20662,0.24839,-0.0876499,8.36841,-5.27394e-05,-1.00255e-05,4.3879,-0.525412,13,1,860160,896,832,640
1,1,1979,3,7,-0.114138,0.511358,-0.851754,0,0.728753,0.625789,0.278042,0,0.675198,-0.588983,-0.44408,0,-1.22957,0.0124498,0.363314,1,1000015729101809400,6.14542,0.01,6295,1,1,1,0.64112,0.235227,0.123654,0.193153,0.651026,0.155823,0.0942861,0.256904,0.648825,1.75667,-0.555222,-0.201446,-0.508254,1.85749,-0.349234,-0.0540321,-0.654794,1.7088,0.78,1,1000015729101809400,0.9999,-0.00260894,-0.013909,0,0.00261115,0.999997,0.000141284,0,0.0139086,-0.000177588,0.999903,0,-0.0632734,0.000165093,0.000880157,1,2,0.502583,0.487419,0.875166,0.875166,5.20662,0.24839,-0.0876499,8.36841,-5.27394e-05,-1.00255e-05,4.3879,-0.525412,13,1,860160,896,832,640
1,1,1980,3,7,-0.114153,0.511379,-0.85174,0,0.728781,0.625762,0.27803,0,0.675165,-0.588993,-0.444116,0,-1.22957,0.0124498,0.363314,1,1000015729112920500,6.14681,0.01,6295,1,1,1,0.64112,0.235227,0.123654,0.193153,0.651026,0.155823,0.0942861,0.256904,0.648825,1.75667,-0.555222,-0.201446,-0.508254,1.85749,-0.349234,-0.0540321,-0.654794,1.7088,0.78,1,1000015729112920500,0.9999,-0.00260894,-0.013909,0,0.00261115,0.999997,0.000141284,0,0.0139086,-0.000177588,0.999903,0,-0.0632734,0.000165093,0.000880157,1,2,0.502583,0.487419,0.875166,0.875166,5.20662,0.24839,-0.0876499,8.36841,-5.27394e-05,-1.00255e-05,4.3879,-0.525412,13,1,860160,896,832,640
1,1,1981,3,7,-0.114186,0.511402,-0.851721,0,0.728773,0.625771,0.278031,0,0.675168,-0.588964,-0.44415,0,-1.22957,0.0124498,0.363314,1,1000015729124031800,6.14825,0.01,6295,1,1,1,0.64112,0.235227,0.123654,0.193153,0.651026,0.155823,0.0942861,0.256904,0.648825,1.75667,-0.555222,-0.201446,-0.508254,1.85749,-0.349234,-0.0540321,-0.654794,1.7088,0.78,1,1000015729124031800,0.9999,-0.00260894,-0.013909,0,0.00261115,0.999997,0.000141284,0,0.0139086,-0.000177588,0.999903,0,-0.0632734,0.000165093,0.000880157,1,2,0.502583,0.487419,0.875166,0.875166,5.20662,0.24839,-0.0876499,8.36841,-5.27394e-05,-1.00255e-05,4.3879,-0.525412,13,1,860160,896,832,640
1,1,1982,3,7,-0.114227,0.511428,-0.851701,0,0.728799,0.625751,0.278007,0,0.675133,-0.588962,-0.444206,0,-1.22957,0.0124498,0.363314,1,1000015729135143100,6.14827,0.01,6295,1,1,1,0.64112,0.235227,0.123654,0.193153,0.651026,0.155823,0.0942861,0.256904,0.648825,1.75667,-0.555222,-0.201446,-0.508254,1.85749,-0.349234,-0.0540321,-0.654794,1.7088,0.78,1,1000015729135143100,0.9999,-0.00260894,-0.013909,0,0.00261115,0.999997,0.000141284,0,0.0139086,-0.000177588,0.999903,0,-0.0632734,0.000165093,0.000880157,1,2,0.502583,0.487419,0.875166,0.875166,5.20662,0.24839,-0.0876499,8.36841,-5.27394e-05,-1.00255e-05,4.3879,-0.525412,13,1,860160,896,832,640
1,1,1983,3,7,-0.114251,0.511458,-0.851679,0,0.728817,0.625733,0.278002,0,0.67511,-0.588956,-0.44425,0,-1.22957,0.0124498,0.363314,1,1000015729146254300,6.14827,0.01,6295,1,1,1,0.64112,0.235227,0.123654,0.193153,0.651026,0.155823,0.0942861,0.256904,0.648825,1.75667,-0.555222,-0.201446,-0.508254,1.85749,-0.349234,-0.0540321,-0.654794,1.7088,0.78,1,1000015729146254300,0.9999,-0.00260894,-0.013909,0,0.00261115,0.999997,0.000141284,0,0.0139086,-0.000177588,0.999903,0,-0.0632734,0.000165093,0.000880157,1,2,0.502583,0.487419,0.875166,0.875166,5.20662,0.24839,-0.0876499,8.36841,-5.27394e-05,-1.00255e-05,4.3879,-0.525412,13,1,860160,896,832,640
1,1,1984,3,7,-0.114281,0.51149,-0.851656,0,0.728831,0.625719,0.277996,0,0.675089,-0.588943,-0.444298,0,-1.22957,0.0124498,0.363314,1,1000015729157365300,6.14835,0.01,6295,1,1,1,0.64112,0.235227,0.123654,0.193153,0.651026,0.155823,0.0942861,0.256904,0.648825,1.75667,-0.555222,-0.201446,-0.508254,1.85749,-0.349234,-0.0540321,-0.654794,1.7088,0.78,1,1000015729157365300,0.9999,-0.00260894,-0.013909,0,0.00261115,0.999997,0.000141284,0,0.0139086,-0.000177588,0.999903,0,-0.0632734,0.000165093,0.000880157,1,2,0.502583,0.487419,0.875166,0.875166,5.20662,0.24839,-0.0876499,8.36841,-5.27394e-05,-1.00255e-05,4.3879,-0.525412,13,1,860160,896,832,640
1,1,1985,3,7,-0.114287,0.511498,-0.85165,0,0.728842,0.625708,0.277991,0,0.675076,-0.588948,-0.444312,0,-1.22957,0.0124498,0.363314,1,1000015729168476600,6.14843,0.01,6295,1,1,1,0.64112,0.235227,0.123654,0.193153,0.651026,0.155823,0.0942861,0.256904,0.648825,1.75667,-0.555222,-0.201446,-0.508254,1.85749,-0.349234,-0.0540321,-0.654794,1.7088,0.78,1,1000015729168476600,0.9999,-0.00260894,-0.013909,0,0.00261115,0.999997,0.000141284,0,0.0139086,-0.000177588,0.999903,0,-0.0632734,0.000165093,0.000880157,1,2,0.502583,0.487419,0.875166,0.875166,5.20662,0.24839,-0.0876499,8.36841,-5.27394e-05,-1.00255e-05,4.3879,-0.525412,13,1,860160,896,832,640
1,1,1986,3,7,-0.11431,0.511514,-0.851638,0,0.728838,0.625713,0.277991,0,0.675077,-0.588929,-0.444336,0,-1.22957,0.0124498,0.363314,1,1000015729179587900,6.14837,0.01,6295,1,1,1,0.64112,0.235227,0.123654,0.193153,0.651026,0.155823,0.0942861,0.256904,0.648825,1.75667,-0.555222,-0.201446,-0.508254,1.85749,-0.349234,-0.0540321,-0.654794,1.7088,0.78,1,1000015729179587900,0.9999,-0.00260894,-0.013909,0,0.00261115,0.999997,0.000141284,0,0.0139086,-0.000177588,0.999903,0,-0.0632734,0.000165093,0.000880157,1,2,0.502583,0.487419,0.875166,0.875166,5.20662,0.24839,-0.0876499,8.36841,-5.27394e-05,-1.00255e-05,4.3879,-0.525412,13,1,860160,896,832,640
1,1,1987,3,7,-0.11433,0.511536,-0.851621,0,0.728839,0.625711,0.277994,0,0.675073,-0.588911,-0.444365,0,-1.22957,0.0124498,0.363314,1,1000015729190699000,6.14825,0.01,6295,1,1,1,0.64112,0.235227,0.123654,0.193153,0.651026,0.155823,0.0942861,0.256904,0.648825,1.75667,-0.555222,-0.201446,-0.508254,1.85749,-0.349234,-0.0540321,-0.654794,1.7088,0.78,1,1000015729190699000,0.9999,-0.00260894,-0.013909,0,0.00261115,0.999997,0.000141284,0,0.0139086,-0.000177588,0.999903,0,-0.0632734,0.000165093,0.000880157,1,2,0.502583,0.487419,0.875166,0.875166,5.20662,0.24839,-0.0876499,8.36841,-5.27394e-05,-1.00255e-05,4.3879,-0.525412,13,1,860160,896,832,640
1,1,1988,3,7,-0.114347,0.511562,-0.851604,0,0.728833,0.625712,0.278006,0,0.675076,-0.588887,-0.444392,0,-1.22957,0.0124498,0.363314,1,1000015729201810100,6.14809,0.01,6295,1,1,1,0.64112,0.235227,0.123654,0.193153,0.651026,0.155823,0.0942861,0.256904,0.648825,1.75667,-0.555222,-0.201446,-0.508254,1.85749,-0.349234,-0.0540321,-0.654794,1.7088,0.78,1,1000015729201810100,0.9999,-0.00260894,-0.013909,0,0.00261115,0.999997,0.000141284,0,0.0139086,-0.000177588,0.999903,0,-0.0632734,0.000165093,0.000880157,1,2,0.502583,0.487419,0.875166,0.875166,5.20662,0.24839,-0.0876499,8.36841,-5.27394e-05,-1.00255e-05,4.3879,-0.525412,13,1,860160,896,832,640
1,1,1989,3,7,-0.114368,0.511592,-0.851583,0,0.728829,0.625712,0.278017,0,0.675077,-0.588862,-0.444425,0,-1.22957,0.0124498,0.363314,1,1000015729212921400,6.14793,0.01,6295,1,1,1,0.64112,0.235227,0.123654,0.193153,0.651026,0.155823,0.0942861,0.256904,0.648825,1.75667,-0.555222,-0.201446,-0.508254,1.85749,-0.349234,-0.0540321,-0.654794,1.7088,0.78,1,1000015729212921400,0.9999,-0.00260894,-0.013909,0,0.00261115,0.999997,0.000141284,0,0.0139086,-0.000177588,0.999903,0,-0.0632734,0.000165093,0.000880157,1,2,0.502583,0.487419,0.875166,0.875166,5.20662,0.24839,-0.0876499,8.36841,-5.27394e-05,-1.00255e-05,4.3879,-0.525412,13,1,860160,896,832,640
1,1,1990,3,7,-0.114401,0.511618,-0.851563,0,0.728834,0.625708,0.278011,0,0.675065,-0.588843,-0.444466,0,-1.22957,0.0124498,0.363314,1,1000015729224032700,6.14803,0.01,6295,1,1,1,0.64112,0.235227,0.123654,0.193153,0.651026,0.155823,0.0942861,0.256904,0.648825,1.75667,-0.555222,-0.201446,-0.508254,1.85749,-0.349234,-0.0540321,-0.654794,1.7088,0.78,1,1000015729224032700,0.9999,-0.00260894,-0.013909,0,0.00261115,0.999997,0.000141284,0,0.0139086,-0.000177588,0.999903,0,-0.0632734,0.000165093,0.000880157,1,2,0.502583,0.487419,0.875166,0.875166,5.20662,0.24839,-0.0876499,8.36841,-5.27394e-05,-1.00255e-05,4.3879,-0.525412,13,1,860160,896,832,640
1,1,1991,3,7,-0.114418,0.511639,-0.851548,0,0.728819,0.625719,0.278025,0,0.675079,-0.588813,-0.444486,0,-1.22957,0.0124498,0.363314,1,1000015729235144800,6.14802,0.01,6295,1,1,1,0.64112,0.235227,0.123654,0.193153,0.651026,0.155823,0.0942861,0.256904,0.648825,1.75667,-0.555222,-0.201446,-0.508254,1.85749,-0.349234,-0.0540321,-0.654794,1.7088,0.78,1,1000015729235144800,0.9999,-0.00260894,-0.013909,0,0.00261115,0.999997,0.000141284,0,0.0139086,-0.000177588,0.999903,0,-0.0632734,0.000165093,0.000880157,1,2,0.502583,0.487419,0.875166,0.875166,5.20662,0.24839,-0.0876499,8.36841,-5.27394e-05,-1.00255e-05,4.3879,-0.525412,13,1,860160,896,832,640
1,1,1992,3,7,-0.114448,0.511664,-0.851529,0,0.728803,0.625734,0.278035,0,0.675091,-0.588776,-0.444516,0,-1.22957,0.0124498,0.363314,1,1000015729246256000,6.14799,0.01,6295,1,1,1,0.64112,0.235227,0.123654,0.193153,0.651026,0.155823,0.0942861,0.256904,0.648825,1.75667,-0.555222,-0.201446,-0.508254,1.85749,-0.349234,-0.0540321,-0.654794,1.7088,0.78,1,1000015729246256000,0.9999,-0.00260894,-0.013909,0,0.00261115,0.999997,0.000141284,0,0.0139086,-0.000177588,0.999903,0,-0.0632734,0.000165093,0.000880157,1,2,0.502583,0.487419,0.875166,0.875166,5.20662,0.24839,-0.0876499,8.36841,-5.27394e-05,-1.00255e-05,4.3879,-0.525412,13,1,860160,896,832,640
1,1,1993,3,7,-0.114434,0.511666,-0.851529,0,0.728796,0.625735,0.278051,0,0.675101,-0.588772,-0.444506,0,-1.22957,0.0124498,0.363314,1,1000015729257367400,6.14783,0.01,6295,1,1,1,0.64112,0.235227,0.123654,0.193153,0.651026,0.155823,0.0942861,0.256904,0.648825,1.75667,-0.555222,-0.201446,-0.508254,1.85749,-0.349234,-0.0540321,-0.654794,1.7088,0.78,1,1000015729257367400,0.9999,-0.00260894,-0.013909,0,0.00261115,0.999997,0.000141284,0,0.0139086,-0.000177588,0.999903,0,-0.0632734,0.000165093,0.000880157,1,2,0.502583,0.487419,0.875166,0.875166,5.20662,0.24839,-0.0876499,8.36841,-5.27394e-05,-1.00255e-05,4.3879,-0.525412,13,1,860160,896,832,640
1,1,1994,3,7,-0.114443,0.511696,-0.851511,0,0.728785,0.625737,0.278074,0,0.675111,-0.588745,-0.444527,0,-1.22957,0.0124498,0.363314,1,1000015729268478400,6.14766,0.01,6295,1,1,1,0.64112,0.235227,0.123654,0.193153,0.651026,0.155823,0.0942861,0.256904,0.648825,1.75667,-0.555222,-0.201446,-0.508254,1.85749,-0.349234,-0.0540321,-0.654794,1.7088,0.78,1,1000015729268478400,0.9999,-0.00260894,-0.013909,0,0.00261115,0.999997,0.000141284,0,0.0139086,-0.000177588,0.999903,0,-0.0632734,0.000165093,0.000880157,1,2,0.502583,0.487419,0.875166,0.875166,5.20662,0.24839,-0.0876499,8.36841,-5.27394e-05,-1.00255e-05,4.3879,-0.525412,13,1,860160,896,832,640
1,1,1995,3,7,-0.11444,0.511704,-0.851506,0,0.728782,0.625736,0.278083,0,0.675114,-0.588739,-0.44453,0,-1.22957,0.0124498,0.363314,1,1000015729279589600,6.14735,0.01,6295,1,1,1,0.64112,0.235227,0.123654,0.193153,0.651026,0.155823,0.0942861,0.256904,0.648825,1.75667,-0.555222,-0.201446,-0.508254,1.85749,-0.349234,-0.0540321,-0.654794,1.7088,0.78,1,1000015729279589600,0.9999,-0.00260894,-0.013909,0,0.00261115,0.999997,0.000141284,0,0.0139086,-0.000177588,0.999903,0,-0.0632734,0.000165093,0.000880157,1,2,0.502583,0.487419,0.875166,0.875166,5.20662,0.24839,-0.0876499,8.36841,-5.27394e-05,-1.00255e-05,4.3879,-0.525412,13,1,860160,896,832,640
1,1,1996,3,7,-0.114435,0.511708,-0.851505,0,0.728747,0.625764,0.278113,0,0.675153,-0.588706,-0.444515,0,-1.22957,0.0124498,0.363314,1,1000015729290700800,6.14702,0.01,6295,1,1,1,0.64112,0.235227,0.123654,0.193153,0.651026,0.155823,0.0942861,0.256904,0.648825,1.75667,-0.555222,-0.201446,-0.508254,1.85749,-0.349234,-0.0540321,-0.654794,1.7088,0.78,1,1000015729290700800,0.9999,-0.00260894,-0.013909,0,0.00261115,0.999997,0.000141284,0,0.0139086,-0.000177588,0.999903,0,-0.0632734,0.000165093,0.000880157,1,2,0.502583,0.487419,0.875166,0.875166,5.20662,0.24839,-0.0876499,8.36841,-5.27394e-05,-1.00255e-05,4.3879,-0.525412,13,1,860160,896,832,640
1,1,1997,3,7,-0.114438,0.511697,-0.851511,0,0.72874,0.625775,0.278107,0,0.67516,-0.588704,-0.444506,0,-1.22957,0.0124498,0.363314,1,1000015729301812000,6.14702,0.01,6295,1,1,1,0.64112,0.235227,0.123654,0.193153,0.651026,0.155823,0.0942861,0.256904,0.648825,1.75667,-0.555222,-0.201446,-0.508254,1.85749,-0.349234,-0.0540321,-0.654794,1.7088,0.78,1,1000015729301812000,0.9999,-0.00260894,-0.013909,0,0.00261115,0.999997,0.000141284,0,0.0139086,-0.000177588,0.999903,0,-0.0632734,0.000165093,0.000880157,1,2,0.502583,0.487419,0.875166,0.875166,5.20662,0.24839,-0.0876499,8.36841,-5.27394e-05,-1.00255e-05,4.3879,-0.525412,13,1,860160,896,832,640
1,1,1998,3,7,-0.114407,0.511661,-0.851536,0,0.728719,0.625796,0.278115,0,0.675189,-0.588712,-0.444452,0,-1.22957,0.0124498,0.363314,1,1000015729312923200,6.14697,0.01,6295,1,1,1,0.64112,0.235227,0.123654,0.193153,0.651026,0.155823,0.0942861,0.256904,0.648825,1.75667,-0.555222,-0.201446,-0.508254,1.85749,-0.349234,-0.0540321,-0.654794,1.7088,0.78,1,1000015729312923200,0.9999,-0.00260894,-0.013909,0,0.00261115,0.999997,0.000141284,0,0.0139086,-0.000177588,0.999903,0,-0.0632734,0.000165093,0.000880157,1,2,0.502583,0.487419,0.875166,0.875166,5.20662,0.24839,-0.0876499,8.36841,-5.27394e-05,-1.00255e-05,4.3879,-0.525412,13,1,860160,896,832,640
1,1,1999,3,7,-0.114382,0.511641,-0.851552,0,0.728719,0.625796,0.278116,0,0.675193,-0.58873,-0.444422,0,-1.22957,0.0124498,0.363314,1,1000015729324034400,6.14693,0.01,6295,1,1,1,0.64112,0.235227,0.123654,0.193153,0.651026,0.155823,0.0942861,0.256904,0.648825,1.75667,-0.555222,-0.201446,-0.508254,1.85749,-0.349234,-0.0540321,-0.654794,1.7088,0.78,1,1000015729324034400,0.9999,-0.00260894,-0.013909,0,0.00261115,0.999997,0.000141284,0,0.0139086,-0.000177588,0.999903,0,-0.0632734,0.000165093,0.000880157,1,2,0.502583,0.487419,0.875166,0.875166,5.20662,0.24839,-0.0876499,8.36841,-5.27394e-05,-1.00255e-05,4.3879,-0.525412,13,1,860160,896,832,640
1,1,2000,3,7,-0.114362,0.511621,-0.851566,0,0.72868,0.62583,0.27814,0,0.675239,-0.58871,-0.444379,0,-1.22957,0.0124498,0.363314,1,1000015729335145600,6.14669,0.01,6295,1,1,1,0.64112,0.235227,0.123654,0.193153,0.651026,0.155823,0.0942861,0.256904,0.648825,1.75667,-0.555222,-0.201446,-0.508254,1.85749,-0.349234,-0.0540321,-0.654794,1.7088,0.78,1,1000015729335145600,0.9999,-0.00260894,-0.013909,0,0.00261115,0.999997,0.000141284,0,0.0139086,-0.000177588,0.999903,0,-0.0632734,0.000165093,0.000880157,1,2,0.502583,0.487419,0.875166,0.875166,5.20662,0.24839,-0.0876499,8.36841,-5.27394e-05,-1.00255e-05,4.3879,-0.525412,13,1,860160,896,832,640
1,1,2001,3,7,-0.114377,0.511647,-0.851549,0,0.728666,0.625838,0.278159,0,0.675251,-0.58868,-0.444401,0,-1.22957,0.0124498,0.363314,1,1000015729346256900,6.14638,0.01,6295,1,1,1,0.64112,0.235227,0.123654,0.193153,0.651026,0.155823,0.0942861,0.256904,0.648825,1.75667,-0.555222,-0.201446,-0.508254,1.85749,-0.349234,-0.0540321,-0.654794,1.7088,0.78,1,1000015729346256900,0.9999,-0.00260894,-0.013909,0,0.00261115,0.999997,0.000141284,0,0.0139086,-0.000177588,0.999903,0,-0.0632734,0.000165093,0.000880157,1,2,0.502583,0.487419,0.875166,0.875166,5.20662,0.24839,-0.0876499,8.36841,-5.27394e-05,-1.00255e-05,4.3879,-0.525412,13,1,860160,896,832,640
1,1,2002,3,7,-0.114329,0.511635,-0.851562,0,0.728638,0.625853,0.278199,0,0.675289,-0.588675,-0.44435,0,-1.22957,0.0124498,0.363314,1,1000015729357368000,6.14607,0.01,6295,1,1,1,0.64112,0.235227,0.123654,0.193153,0.651026,0.155823,0.0942861,0.256904,0.648825,1.75667,-0.555222,-0.201446,-0.508254,1.85749,-0.349234,-0.0540321,-0.654794,1.7088,0.78,1,1000015729357368000,0.9999,-0.00260894,-0.013909,0,0.00261115,0.999997,0.000141284,0,0.0139086,-0.000177588,0.999903,0,-0.0632734,0.000165093,0.000880157,1,2,0.502583,0.487419,0.875166,0.875166,5.20662,0.24839,-0.0876499,8.36841,-5.27394e-05,-1.00255e-05,4.3879,-0.525412,13,1,860160,896,832,640
1,1,2003,3,7,-0.114326,0.511661,-0.851547,0,0.72865,0.625834,0.278212,0,0.675277,-0.588673,-0.444371,0,-1.22957,0.0124498,0.363314,1,1000015729368479300,6.14606,0.01,6295,1,1,1,0.64112,0.235227,0.123654,0.193153,0.651026,0.155823,0.0942861,0.256904,0.648825,1.75667,-0.555222,-0.201446,-0.508254,1.85749,-0.349234,-0.0540321,-0.654794,1.7088,0.78,1,1000015729368479300,0.9999,-0.00260894,-0.013909,0,0.00261115,0.999997,0.000141284,0,0.0139086,-0.000177588,0.999903,0,-0.0632734,0.000165093,0.000880157,1,2,0.502583,0.487419,0.875166,0.875166,5.20662,0.24839,-0.0876499,8.36841,-5.27394e-05,-1.00255e-05,4.3879,-0.525412,13,1,860160,896,832,640
1,1,2004,3,7,-0.114293,0.511645,-0.851561,0,0.728607,0.625866,0.278249,0,0.675328,-0.588652,-0.444321,0,-1.22957,0.0124498,0.363314,1,1000015729379590400,6.14598,0.01,6295,1,1,1,0.64112,0.235227,0.123654,0.193153,0.651026,0.155823,0.0942861,0.256904,0.648825,1.75667,-0.555222,-0.201446,-0.508254,1.85749,-0.349234,-0.0540321,-0.654794,1.7088,0.78,1,1000015729379590400,0.9999,-0.00260894,-0.013909,0,0.00261115,0.999997,0.000141284,0,0.0139086,-0.000177588,0.999903,0,-0.0632734,0.000165093,0.000880157,1,2,0.502583,0.487419,0.875166,0.875166,5.20662,0.24839,-0.0876499,8.36841,-5.27394e-05,-1.00255e-05,4.3879,-0.525412,13,1,860160,896,832,640
1,1,2005,3,7,-0.114321,0.511647,-0.851557,0,0.728619,0.625863,0.278225,0,0.675311,-0.588654,-0.444345,0,-1.22957,0.0124498,0.363314,1,1000015729390701600,6.14591,0.01,6295,1,1,1,0.64112,0.235227,0.123654,0.193153,0.651026,0.155823,0.0942861,0.256904,0.648825,1.75667,-0.555222,-0.201446,-0.508254,1.85749,-0.349234,-0.0540321,-0.654794,1.7088,0.78,1,1000015729390701600,0.9999,-0.00260894,-0.013909,0,0.00261115,0.999997,0.000141284,0,0.0139086,-0.000177588,0.999903,0,-0.0632734,0.000165093,0.000880157,1,2,0.502583,0.487419,0.875166,0.875166,5.20662,0.24839,-0.0876499,8.36841,-5.27394e-05,-1.00255e-05,4.3879,-0.525412,13,1,860160,896,832,640
1,1,2006,3,7,-0.11426,0.511598,-0.851594,0,0.728598,0.625881,0.278243,0,0.675345,-0.588677,-0.444263,0,-1.22957,0.0124498,0.363314,1,1000015729401812800,6.14573,0.01,6295,1,1,1,0.64112,0.235227,0.123654,0.193153,0.651026,0.155823,0.0942861,0.256904,0.648825,1.75667,-0.555222,-0.201446,-0.508254,1.85749,-0.349234,-0.0540321,-0.654794,1.7088,0.78,1,1000015729401812800,0.9999,-0.00260894,-0.013909,0,0.00261115,0.999997,0.000141284,0,0.0139086,-0.000177588,0.999903,0,-0.0632734,0.000165093,0.000880157,1,2,0.502583,0.487419,0.875166,0.875166,5.20662,0.24839,-0.0876499,8.36841,-5.27394e-05,-1.00255e-05,4.3879,-0.525412,13,1,860160,896,832,640
1,1,2007,3,7,-0.114285,0.511611,-0.851583,0,0.728612,0.625871,0.278226,0,0.675324,-0.588677,-0.444293,0,-1.22957,0.0124498,0.363314,1,1000015729412924100,6.14546,0.01,6295,1,1,1,0.64112,0.235227,0.123654,0.193153,0.651026,0.155823,0.0942861,0.256904,0.648825,1.75667,-0.555222,-0.201446,-0.508254,1.85749,-0.349234,-0.0540321,-0.654794,1.7088,0.78,1,1000015729412924100,0.9999,-0.00260894,-0.013909,0,0.00261115,0.999997,0.000141284,0,0.0139086,-0.000177588,0.999903,0,-0.0632734,0.000165093,0.000880157,1,2,0.502583,0.487419,0.875166,0.875166,5.20662,0.24839,-0.0876499,8.36841,-5.27394e-05,-1.00255e-05,4.3879,-0.525412,13,1,860160,896,832,640
1,1,2008,3,7,-0.114228,0.511566,-0.851617,0,0.728602,0.625878,0.278237,0,0.675345,-0.588707,-0.444221,0,-1.22957,0.0124498,0.363314,1,1000015729424035200,6.14515,0.01,6295,1,1,1,0.64112,0.235227,0.123654,0.193153,0.651026,0.155823,0.0942861,0.256904,0.648825,1.75667,-0.555222,-0.201446,-0.508254,1.85749,-0.349234,-0.0540321,-0.654794,1.7088,0.78,1,1000015729424035200,0.9999,-0.00260894,-0.013909,0,0.00261115,0.999997,0.000141284,0,0.0139086,-0.000177588,0.999903,0,-0.0632734,0.000165093,0.000880157,1,2,0.502583,0.487419,0.875166,0.875166,5.20662,0.24839,-0.0876499,8.36841,-5.27394e-05,-1.00255e-05,4.3879,-0.525412,13,1,860160,896,832,640
1,1,2009,3,7,-0.11421,0.511566,-0.85162,0,0.728603,0.625872,0.278248,0,0.675347,-0.588714,-0.44421,0,-1.22957,0.0124498,0.363314,1,1000015729435146500,6.14486,0.01,6295,1,1,1,0.64112,0.235227,0.123654,0.193153,0.651026,0.155823,0.0942861,0.256904,0.648825,1.75667,-0.555222,-0.201446,-0.508254,1.85749,-0.349234,-0.0540321,-0.654794,1.7088,0.78,1,1000015729435146500,0.9999,-0.00260894,-0.013909,0,0.00261115,0.999997,0.000141284,0,0.0139086,-0.000177588,0.999903,0,-0.0632734,0.000165093,0.000880157,1,2,0.502583,0.487419,0.875166,0.875166,5.20662,0.24839,-0.0876499,8.36841,-5.27394e-05,-1.00255e-05,4.3879,-0.525412,13,1,860160,896,832,640
1,1,2010,3,7,-0.114163,0.511543,-0.85164,0,0.728601,0.625868,0.278262,0,0.675357,-0.588738,-0.444162,0,-1.22957,0.0124498,0.363314,1,1000015729446257600,6.14488,0.01,6295,1,1,1,0.64112,0.235227,0.123654,0.193153,0.651026,0.155823,0.0942861,0.256904,0.648825,1.75667,-0.555222,-0.201446,-0.508254,1.85749,-0.349234,-0.0540321,-0.654794,1.7088,0.78,1,1000015729446257600,0.9999,-0.00260894,-0.013909,0,0.00261115,0.999997,0.000141284,0,0.0139086,-0.000177588,0.999903,0,-0.0632734,0.000165093,0.000880157,1,2,0.502583,0.487419,0.875166,0.875166,5.20662,0.24839,-0.0876499,8.36841,-5.27394e-05,-1.00255e-05,4.3879,-0.525412,13,1,860160,896,832,640
1,1,2011,3,7,-0.114165,0.511548,-0.851637,0,0.72862,0.625851,0.278253,0,0.675337,-0.588753,-0.444174,0,-1.22957,0.0124498,0.363314,1,1000015729457368900,6.14478,0.01,6295,1,1,1,0.64112,0.235227,0.123654,0.193153,0.651026,0.155823,0.0942861,0.256904,0.648825,1.75667,-0.555222,-0.201446,-0.508254,1.85749,-0.349234,-0.0540321,-0.654794,1.7088,0.78,1,1000015729457368900,0.9999,-0.00260894,-0.013909,0,0.00261115,0.999997,0.000141284,0,0.0139086,-0.000177588,0.999903,0,-0.0632734,0.000165093,0.000880157,1,2,0.502583,0.487419,0.875166,0.875166,5.20662,0.24839,-0.0876499,8.36841,-5.27394e-05,-1.00255e-05,4.3879,-0.525412,13,1,860160,896,832,640
1,1,2012,3,7,-0.114138,0.511514,-0.851661,0,0.72861,0.625863,0.278251,0,0.675352,-0.58877,-0.444129,0,-1.22957,0.0124498,0.363314,1,1000015729468480000,6.14467,0.01,6295,1,1,1,0.64112,0.235227,0.123654,0.193153,0.651026,0.155823,0.0942861,0.256904,0.648825,1.75667,-0.555222,-0.201446,-0.508254,1.85749,-0.349234,-0.0540321,-0.654794,1.7088,0.78,1,1000015729468480000,0.9999,-0.00260894,-0.013909,0,0.00261115,0.999997,0.000141284,0,0.0139086,-0.000177588,0.999903,0,-0.0632734,0.000165093,0.000880157,1,2,0.502583,0.487419,0.875166,0.875166,5.20662,0.24839,-0.0876499,8.36841,-5.27394e-05,-1.00255e-05,4.3879,-0.525412,13,1,860160,896,832,640
1,1,2013,3,7,-0.114175,0.511532,-0.851645,0,0.728612,0.625865,0.278239,0,0.675343,-0.588751,-0.444166,0,-1.22957,0.0124498,0.363314,1,1000015729479591300,6.14443,0.01,6295,1,1,1,0.64112,0.235227,0.123654,0.193153,0.651026,0.155823,0.0942861,0.256904,0.648825,1.75667,-0.555222,-0.201446,-0.508254,1.85749,-0.349234,-0.0540321,-0.654794,1.7088,0.78,1,1000015729479591300,0.9999,-0.00260894,-0.013909,0,0.00261115,0.999997,0.000141284,0,0.0139086,-0.000177588,0.999903,0,-0.0632734,0.000165093,0.000880157,1,2,0.502583,0.487419,0.875166,0.875166,5.20662,0.24839,-0.0876499,8.36841,-5.27394e-05,-1.00255e-05,4.3879,-0.525412,13,1,860160,896,832,640
1,1,2014,3,7,-0.114142,0.511512,-0.851661,0,0.728629,0.625847,0.278235,0,0.67533,-0.588787,-0.444138,0,-1.22957,0.0124498,0.363314,1,1000015729490702400,6.14419,0.01,6295,1,1,1,0.64112,0.235227,0.123654,0.193153,0.651026,0.155823,0.0942861,0.256904,0.648825,1.75667,-0.555222,-0.201446,-0.508254,1.85749,-0.349234,-0.0540321,-0.654794,1.7088,0.78,1,1000015729490702400,0.9999,-0.00260894,-0.013909,0,0.00261115,0.999997,0.000141284,0,0.0139086,-0.000177588,0.999903,0,-0.0632734,0.000165093,0.000880157,1,2,0.502583,0.487419,0.875166,0.875166,5.20662,0.24839,-0.0876499,8.36841,-5.27394e-05,-1.00255e-05,4.3879,-0.525412,13,1,860160,896,832,640
1,1,2015,3,7,-0.114137,0.511508,-0.851664,0,0.72864,0.625838,0.278228,0,0.67532,-0.588801,-0.444136,0,-1.22957,0.0124498,0.363314,1,1000015729501813700,6.14453,0.01,6295,1,1,1,0.64112,0.235227,0.123654,0.193153,0.651026,0.155823,0.0942861,0.256904,0.648825,1.75667,-0.555222,-0.201446,-0.508254,1.85749,-0.349234,-0.0540321,-0.654794,1.7088,0.78,1,1000015729501813700,0.9999,-0.00260894,-0.013909,0,0.00261115,0.999997,0.000141284,0,0.0139086,-0.000177588,0.999903,0,-0.0632734,0.000165093,0.000880157,1,2,0.502583,0.487419,0.875166,0.875166,5.20662,0.24839,-0.0876499,8.36841,-5.27394e-05,-1.00255e-05,4.3879,-0.525412,13,1,860160,896,832,640
1,1,2016,3,7,-0.114122,0.511508,-0.851667,0,0.72867,0.625808,0.278217,0,0.67529,-0.588833,-0.444139,0,-1.22957,0.0124498,0.363314,1,1000015729512924900,6.14487,0.01,6295,1,1,1,0.64112,0.235227,0.123654,0.193153,0.651026,0.155823,0.0942861,0.256904,0.648825,1.75667,-0.555222,-0.201446,-0.508254,1.85749,-0.349234,-0.0540321,-0.654794,1.7088,0.78,1,1000015729512924900,0.9999,-0.00260894,-0.013909,0,0.00261115,0.999997,0.000141284,0,0.0139086,-0.000177588,0.999903,0,-0.0632734,0.000165093,0.000880157,1,2,0.502583,0.487419,0.875166,0.875166,5.20662,0.24839,-0.0876499,8.36841,-5.27394e-05,-1.00255e-05,4.3879,-0.525412,13,1,860160,896,832,640
1,1,2017,3,7,-0.114129,0.511537,-0.851648,0,0.72869,0.625783,0.278221,0,0.675267,-0.588834,-0.444172,0,-1.22957,0.0124498,0.363314,1,1000015729524036100,6.14512,0.01,6295,1,1,1,0.64112,0.235227,0.123654,0.193153,0.651026,0.155823,0.0942861,0.256904,0.648825,1.75667,-0.555222,-0.201446,-0.508254,1.85749,-0.349234,-0.0540321,-0.654794,1.7088,0.78,1,1000015729524036100,0.9999,-0.00260894,-0.013909,0,0.00261115,0.999997,0.000141284,0,0.0139086,-0.000177588,0.999903,0,-0.0632734,0.000165093,0.000880157,1,2,0.502583,0.487419,0.875166,0.875166,5.20662,0.24839,-0.0876499,8.36841,-5.27394e-05,-1.00255e-05,4.3879,-0.525412,13,1,860160,896,832,640
1,1,2018,3,7,-0.114109,0.511534,-0.851653,0,0.728728,0.625745,0.278207,0,0.67523,-0.588877,-0.444172,0,-1.22957,0.0124498,0.363314,1,1000015729535147200,6.14538,0.01,6295,1,1,1,0.64112,0.235227,0.123654,0.193153,0.651026,0.155823,0.0942861,0.256904,0.648825,1.75667,-0.555222,-0.201446,-0.508254,1.85749,-0.349234,-0.0540321,-0.654794,1.7088,0.78,1,1000015729535147200,0.9999,-0.00260894,-0.013909,0,0.00261115,0.999997,0.000141284,0,0.0139086,-0.000177588,0.999903,0,-0.0632734,0.000165093,0.000880157,1,2,0.502583,0.487419,0.875166,0.875166,5.20662,0.24839,-0.0876499,8.36841,-5.27394e-05,-1.00255e-05,4.3879,-0.525412,13,1,860160,896,832,640
1,1,2019,3,7,-0.114138,0.511561,-0.851633,0,0.728734,0.625739,0.278204,0,0.675218,-0.58886,-0.444212,0,-1.22957,0.0124498,0.363314,1,1000015729546258500,6.14559,0.01,6295,1,1,1,0.64112,0.235227,0.123654,0.193153,0.651026,0.155823,0.0942861,0.256904,0.648825,1.75667,-0.555222,-0.201446,-0.508254,1.85749,-0.349234,-0.0540321,-0.654794,1.7088,0.78,1,1000015729546258500,0.9999,-0.00260894,-0.013909,0,0.00261115,0.999997,0.000141284,0,0.0139086,-0.000177588,0.999903,0,-0.0632734,0.000165093,0.000880157,1,2,0.502583,0.487419,0.875166,0.875166,5.20662,0.24839,-0.0876499,8.36841,-5.27394e-05,-1.00255e-05,4.3879,-0.525412,13,1,860160,896,832,640
1,1,2020,3,7,-0.114138,0.511561,-0.851633,0,0.728773,0.625705,0.278178,0,0.675175,-0.588897,-0.444228,0,-1.22957,0.0124498,0.363314,1,1000015729557369600,6.14579,0.01,6295,1,1,1,0.64112,0.235227,0.123654,0.193153,0.651026,0.155823,0.0942861,0.256904,0.648825,1.75667,-0.555222,-0.201446,-0.508254,1.85749,-0.349234,-0.0540321,-0.654794,1.7088,0.78,1,1000015729557369600,0.9999,-0.00260894,-0.013909,0,0.00261115,0.999997,0.000141284,0,0.0139086,-0.000177588,0.999903,0,-0.0632734,0.000165093,0.000880157,1,2,0.502583,0.487419,0.875166,0.875166,5.20662,0.24839,-0.0876499,8.36841,-5.27394e-05,-1.00255e-05,4.3879,-0.525412,13,1,860160,896,832,640
1,1,2021,3,7,-0.114148,0.511563,-0.85163,0,0.728784,0.625697,0.278166,0,0.675162,-0.588902,-0.444241,0,-1.22957,0.0124498,0.363314,1,1000015729568480700,6.14596,0.01,6295,1,1,1,0.64112,0.235227,0.123654,0.193153,0.651026,0.155823,0.0942861,0.256904,0.648825,1.75667,-0.555222,-0.201446,-0.508254,1.85749,-0.349234,-0.0540321,-0.654794,1.7088,0.78,1,1000015729568480700,0.9999,-0.00260894,-0.013909,0,0.00261115,0.999997,0.000141284,0,0.0139086,-0.000177588,0.999903,0,-0.0632734,0.000165093,0.000880157,1,2,0.502583,0.487419,0.875166,0.875166,5.20662,0.24839,-0.0876499,8.36841,-5.27394e-05,-1.00255e-05,4.3879,-0.525412,13,1,860160,896,832,640
1,1,2022,3,7,-0.11419,0.511592,-0.851607,0,0.72881,0.625677,0.278143,0,0.675127,-0.588899,-0.444299,0,-1.22957,0.0124498,0.363314,1,1000015729579592000,6.14611,0.01,6295,1,1,1,0.64112,0.235227,0.123654,0.193153,0.651026,0.155823,0.0942861,0.256904,0.648825,1.75667,-0.555222,-0.201446,-0.508254,1.85749,-0.349234,-0.0540321,-0.654794,1.7088,0.78,1,1000015729579592000,0.9999,-0.00260894,-0.013909,0,0.00261115,0.999997,0.000141284,0,0.0139086,-0.000177588,0.999903,0,-0.0632734,0.000165093,0.000880157,1,2,0.502583,0.487419,0.875166,0.875166,5.20662,0.24839,-0.0876499,8.36841,-5.27394e-05,-1.00255e-05,4.3879,-0.525412,13,1,860160,896,832,640
1,1,2023,3,7,-0.114183,0.511604,-0.851601,0,0.728821,0.625662,0.27815,0,0.675117,-0.588904,-0.444307,0,-1.22957,0.0124498,0.363314,1,1000015729590703300,6.14623,0.01,6295,1,1,1,0.64112,0.235227,0.123654,0.193153,0.651026,0.155823,0.0942861,0.256904,0.648825,1.75667,-0.555222,-0.201446,-0.508254,1.85749,-0.349234,-0.0540321,-0.654794,1.7088,0.78,1,1000015729590703300,0.9999,-0.00260894,-0.013909,0,0.00261115,0.999997,0.000141284,0,0.0139086,-0.000177588,0.999903,0,-0.0632734,0.000165093,0.000880157,1,2,0.502583,0.487419,0.875166,0.875166,5.20662,0.24839,-0.0876499,8.36841,-5.27394e-05,-1.00255e-05,4.3879,-0.525412,13,1,860160,896,832,640
1,1,2024,3,7,-0.114222,0.511647,-0.85157,0,0.728856,0.625629,0.278133,0,0.675072,-0.588903,-0.444378,0,-1.22957,0.0124498,0.363314,1,1000015729601814400,6.14633,0.01,6295,1,1,1,0.64112,0.235227,0.123654,0.193153,0.651026,0.155823,0.0942861,0.256904,0.648825,1.75667,-0.555222,-0.201446,-0.508254,1.85749,-0.349234,-0.0540321,-0.654794,1.7088,0.78,1,1000015729601814400,0.9999,-0.00260894,-0.013909,0,0.00261115,0.999997,0.000141284,0,0.0139086,-0.000177588,0.999903,0,-0.0632734,0.000165093,0.000880157,1,2,0.502583,0.487419,0.875166,0.875166,5.20662,0.24839,-0.0876499,8.36841,-5.27394e-05,-1.00255e-05,4.3879,-0.525412,13,1,860160,896,832,640
1,1,2025,3,7,-0.114209,0.511651,-0.851569,0,0.728857,0.625623,0.278143,0,0.675073,-0.588906,-0.444372,0,-1.22957,0.0124498,0.363314,1,1000015729612925700,6.14644,0.01,6295,1,1,1,0.64112,0.235227,0.123654,0.193153,0.651026,0.155823,0.0942861,0.256904,0.648825,1.75667,-0.555222,-0.201446,-0.508254,1.85749,-0.349234,-0.0540321,-0.654794,1.7088,0.78,1,1000015729612925700,0.9999,-0.00260894,-0.013909,0,0.00261115,0.999997,0.000141284,0,0.0139086,-0.000177588,0.999903,0,-0.0632734,0.000165093,0.000880157,1,2,0.502583,0.487419,0.875166,0.875166,5.20662,0.24839,-0.0876499,8.36841,-5.27394e-05,-1.00255e-05,4.3879,-0.525412,13,1,860160,896,832,640
1,1,2026,3,7,-0.114238,0.511706,-0.851532,0,0.728884,0.625589,0.278148,0,0.675039,-0.588893,-0.444441,0,-1.22957,0.0124498,0.363314,1,1000015729624036800,6.14648,0.01,6295,1,1,1,0.64112,0.235227,0.123654,0.193153,0.651026,0.155823,0.0942861,0.256904,0.648825,1.75667,-0.555222,-0.201446,-0.508254,1.85749,-0.349234,-0.0540321,-0.654794,1.7088,0.78,1,1000015729624036800,0.9999,-0.00260894,-0.013909,0,0.00261115,0.999997,0.000141284,0,0.0139086,-0.000177588,0.999903,0,-0.0632734,0.000165093,0.000880157,1,2,0.502583,0.487419,0.875166,0.875166,5.20662,0.24839,-0.0876499,8.36841,-5.27394e-05,-1.00255e-05,4.3879,-0.525412,13,1,860160,896,832,640
1,1,2027,3,7,-0.114268,0.511746,-0.851504,0,0.728865,0.625601,0.27817,0,0.675054,-0.588845,-0.44448,0,-1.22957,0.0124498,0.363314,1,1000015729635148100,6.14651,0.01,6295,1,1,1,0.64112,0.235227,0.123654,0.193153,0.651026,0.155823,0.0942861,0.256904,0.648825,1.75667,-0.555222,-0.201446,-0.508254,1.85749,-0.349234,-0.0540321,-0.654794,1.7088,0.78,1,1000015729635148100,0.9999,-0.00260894,-0.013909,0,0.00261115,0.999997,0.000141284,0,0.0139086,-0.000177588,0.999903,0,-0.0632734,0.000165093,0.000880157,1,2,0.502583,0.487419,0.875166,0.875166,5.20662,0.24839,-0.0876499,8.36841,-5.27394e-05,-1.00255e-05,4.3879,-0.525412,13,1,860160,896,832,640
1,1,2028,3,7,-0.114321,0.511793,-0.851469,0,0.728889,0.62558,0.278154,0,0.675019,-0.588827,-0.444557,0,-1.22957,0.0124498,0.363314,1,1000015729646259200,6.14653,0.01,6295,1,1,1,0.64112,0.235227,0.123654,0.193153,0.651026,0.155823,0.0942861,0.256904,0.648825,1.75667,-0.555222,-0.201446,-0.508254,1.85749,-0.349234,-0.0540321,-0.654794,1.7088,0.78,1,1000015729646259200,0.9999,-0.00260894,-0.013909,0,0.00261115,0.999997,0.000141284,0,0.0139086,-0.000177588,0.999903,0,-0.0632734,0.000165093,0.000880157,1,2,0.502583,0.487419,0.875166,0.875166,5.20662,0.24839,-0.0876499,8.36841,-5.27394e-05,-1.00255e-05,4.3879,-0.525412,13,1,860160,896,832,640
1,1,2029,3,7,-0.114294,0.511767,-0.851488,0,0.728893,0.625577,0.278151,0,0.67502,-0.588852,-0.444523,0,-1.22957,0.0124498,0.363314,1,1000015729657370300,6.14649,0.01,6295,1,1,1,0.64112,0.235227,0.123654,0.193153,0.651026,0.155823,0.0942861,0.256904,0.648825,1.75667,-0.555222,-0.201446,-0.508254,1.85749,-0.349234,-0.0540321,-0.654794,1.7088,0.78,1,1000015729657370300,0.9999,-0.00260894,-0.013909,0,0.00261115,0.999997,0.000141284,0,0.0139086,-0.000177588,0.999903,0,-0.0632734,0.000165093,0.000880157,1,2,0.502583,0.487419,0.875166,0.875166,5.20662,0.24839,-0.0876499,8.36841,-5.27394e-05,-1.00255e-05,4.3879,-0.525412,13,1,860160,896,832,640
1,1,2030,3,7,-0.114333,0.511808,-0.851458,0,0.728913,0.625558,0.278143,0,0.674992,-0.588838,-0.444585,0,-1.22957,0.0124498,0.363314,1,1000015729668481600,6.14645,0.01,6295,1,1,1,0.64112,0.235227,0.123654,0.193153,0.651026,0.155823,0.0942861,0.256904,0.648825,1.75667,-0.555222,-0.201446,-0.508254,1.85749,-0.349234,-0.0540321,-0.654794,1.7088,0.78,1,1000015729668481600,0.9999,-0.00260894,-0.013909,0,0.00261115,0.999997,0.000141284,0,0.0139086,-0.000177588,0.999903,0,-0.0632734,0.000165093,0.000880157,1,2,0.502583,0.487419,0.875166,0.875166,5.20662,0.24839,-0.0876499,8.36841,-5.27394e-05,-1.00255e-05,4.3879,-0.525412,13,1,860160,896,832,640
1,1,2031,3,7,-0.114349,0.511824,-0.851446,0,0.728901,0.625567,0.278152,0,0.675002,-0.588814,-0.444602,0,-1.22957,0.0124498,0.363314,1,1000015729679592900,6.14641,0.01,6295,1,1,1,0.64112,0.235227,0.123654,0.193153,0.651026,0.155823,0.0942861,0.256904,0.648825,1.75667,-0.555222,-0.201446,-0.508254,1.85749,-0.349234,-0.0540321,-0.654794,1.7088,0.78,1,1000015729679592900,0.9999,-0.00260894,-0.013909,0,0.00261115,0.999997,0.000141284,0,0.0139086,-0.000177588,0.999903,0,-0.0632734,0.000165093,0.000880157,1,2,0.502583,0.487419,0.875166,0.875166,5.20662,0.24839,-0.0876499,8.36841,-5.27394e-05,-1.00255e-05,4.3879,-0.525412,13,1,860160,896,832,640
1,1,2032,3,7,-0.114378,0.511866,-0.851417,0,0.728908,0.625556,0.278159,0,0.67499,-0.58879,-0.444653,0,-1.22957,0.0124498,0.363314,1,1000015729690704000,6.14637,0.01,6295,1,1,1,0.64112,0.235227,0.123654,0.193153,0.651026,0.155823,0.0942861,0.256904,0.648825,1.75667,-0.555222,-0.201446,-0.508254,1.85749,-0.349234,-0.0540321,-0.654794,1.7088,0.78,1,1000015729690704000,0.9999,-0.00260894,-0.013909,0,0.00261115,0.999997,0.000141284,0,0.0139086,-0.000177588,0.999903,0,-0.0632734,0.000165093,0.000880157,1,2,0.502583,0.487419,0.875166,0.875166,5.20662,0.24839,-0.0876499,8.36841,-5.27394e-05,-1.00255e-05,4.3879,-0.525412,13,1,860160,896,832,640
1,1,2033,3,7,-0.114356,0.511865,-0.85142,0,0.728921,0.625539,0.278164,0,0.674979,-0.588809,-0.444643,0,-1.22957,0.0124498,0.363314,1,1000015729701815300,6.14633,0.01,6295,1,1,1,0.64112,0.235227,0.123654,0.193153,0.651026,0.155823,0.0942861,0.256904,0.648825,1.75667,-0.555222,-0.201446,-0.508254,1.85749,-0.349234,-0.0540321,-0.654794,1.7088,0.78,1,1000015729701815300,0.9999,-0.00260894,-0.013909,0,0.00261115,0.999997,0.000141284,0,0.0139086,-0.000177588,0.999903,0,-0.0632734,0.000165093,0.000880157,1,2,0.502583,0.487419,0.875166,0.875166,5.20662,0.24839,-0.0876499,8.36841,-5.27394e-05,-1.00255e-05,4.3879,-0.525412,13,1,860160,896,832,640
1,1,2034,3,7,-0.114368,0.511887,-0.851406,0,0.728893,0.62556,0.278192,0,0.675008,-0.588767,-0.444655,0,-1.22957,0.0124498,0.363314,1,1000015729712926400,6.14628,0.01,6295,1,1,1,0.64112,0.235227,0.123654,0.193153,0.651026,0.155823,0.0942861,0.256904,0.648825,1.75667,-0.555222,-0.201446,-0.508254,1.85749,-0.349234,-0.0540321,-0.654794,1.7088,0.78,1,1000015729712926400,0.9999,-0.00260894,-0.013909,0,0.00261115,0.999997,0.000141284,0,0.0139086,-0.000177588,0.999903,0,-0.0632734,0.000165093,0.000880157,1,2,0.502583,0.487419,0.875166,0.875166,5.20662,0.24839,-0.0876499,8.36841,-5.27394e-05,-1.00255e-05,4.3879,-0.525412,13,1,860160,896,832,640
1,1,2035,3,7,-0.114353,0.511893,-0.851404,0,0.728893,0.625554,0.278205,0,0.67501,-0.588769,-0.444649,0,-1.22957,0.0124498,0.363314,1,1000015729724037700,6.14624,0.01,6295,1,1,1,0.64112,0.235227,0.123654,0.193153,0.651026,0.155823,0.0942861,0.256904,0.648825,1.75667,-0.555222,-0.201446,-0.508254,1.85749,-0.349234,-0.0540321,-0.654794,1.7088,0.78,1,1000015729724037700,0.9999,-0.00260894,-0.013909,0,0.00261115,0.999997,0.000141284,0,0.0139086,-0.000177588,0.999903,0,-0.0632734,0.000165093,0.000880157,1,2,0.502583,0.487419,0.875166,0.875166,5.20662,0.24839,-0.0876499,8.36841,-5.27394e-05,-1.00255e-05,4.3879,-0.525412,13,1,860160,896,832,640
1,1,2036,3,7,-0.114375,0.511918,-0.851386,0,0.728886,0.625557,0.278214,0,0.675014,-0.588743,-0.444678,0,-1.22957,0.0124498,0.363314,1,1000015729735148800,6.1462,0.01,6295,1,1,1,0.64112,0.235227,0.123654,0.193153,0.651026,0.155823,0.0942861,0.256904,0.648825,1.75667,-0.555222,-0.201446,-0.508254,1.85749,-0.349234,-0.0540321,-0.654794,1.7088,0.78,1,1000015729735148800,0.9999,-0.00260894,-0.013909,0,0.00261115,0.999997,0.000141284,0,0.0139086,-0.000177588,0.999903,0,-0.0632734,0.000165093,0.000880157,1,2,0.502583,0.487419,0.875166,0.875166,5.20662,0.24839,-0.0876499,8.36841,-5.27394e-05,-1.00255e-05,4.3879,-0.525412,13,1,860160,896,832,640
1,1,2037,3,7,-0.114391,0.511912,-0.851387,0,0.728895,0.625556,0.278194,0,0.675002,-0.588749,-0.444688,0,-1.22957,0.0124498,0.363314,1,1000015729746260000,6.14616,0.01,6295,1,1,1,0.64112,0.235227,0.123654,0.193153,0.651026,0.155823,0.0942861,0.256904,0.648825,1.75667,-0.555222,-0.201446,-0.508254,1.85749,-0.349234,-0.0540321,-0.654794,1.7088,0.78,1,1000015729746260000,0.9999,-0.00260894,-0.013909,0,0.00261115,0.999997,0.000141284,0,0.0139086,-0.000177588,0.999903,0,-0.0632734,0.000165093,0.000880157,1,2,0.502583,0.487419,0.875166,0.875166,5.20662,0.24839,-0.0876499,8.36841,-5.27394e-05,-1.00255e-05,4.3879,-0.525412,13,1,860160,896,832,640
1,1,2038,3,7,-0.114375,0.511884,-0.851407,0,0.728888,0.625566,0.278188,0,0.675011,-0.588763,-0.444655,0,-1.22957,0.0124498,0.363314,1,1000015729757371200,6.14612,0.01,6295,1,1,1,0.64112,0.235227,0.123654,0.193153,0.651026,0.155823,0.0942861,0.256904,0.648825,1.75667,-0.555222,-0.201446,-0.508254,1.85749,-0.349234,-0.0540321,-0.654794,1.7088,0.78,1,1000015729757371200,0.9999,-0.00260894,-0.013909,0,0.00261115,0.999997,0.000141284,0,0.0139086,-0.000177588,0.999903,0,-0.0632734,0.000165093,0.000880157,1,2,0.502583,0.487419,0.875166,0.875166,5.20662,0.24839,-0.0876499,8.36841,-5.27394e-05,-1.00255e-05,4.3879,-0.525412,13,1,860160,896,832,640
1,1,2039,3,7,-0.114409,0.51192,-0.85138,0,0.728871,0.62558,0.278204,0,0.675025,-0.588717,-0.444695,0,-1.22957,0.0124498,0.363314,1,1000015729768482500,6.14608,0.01,6295,1,1,1,0.64112,0.235227,0.123654,0.193153,0.651026,0.155823,0.0942861,0.256904,0.648825,1.75667,-0.555222,-0.201446,-0.508254,1.85749,-0.349234,-0.0540321,-0.654794,1.7088,0.78,1,1000015729768482500,0.9999,-0.00260894,-0.013909,0,0.00261115,0.999997,0.000141284,0,0.0139086,-0.000177588,0.999903,0,-0.0632734,0.000165093,0.000880157,1,2,0.502583,0.487419,0.875166,0.875166,5.20662,0.24839,-0.0876499,8.36841,-5.27394e-05,-1.00255e-05,4.3879,-0.525412,13,1,860160,896,832,640
1,1,2040,3,7,-0.114411,0.511929,-0.851374,0,0.72885,0.625596,0.278223,0,0.675047,-0.588692,-0.444695,0,-1.22957,0.0124498,0.363314,1,1000015729779593600,6.14604,0.01,6295,1,1,1,0.64112,0.235227,0.123654,0.193153,0.651026,0.155823,0.0942861,0.256904,0.648825,1.75667,-0.555222,-0.201446,-0.508254,1.85749,-0.349234,-0.0540321,-0.654794,1.7088,0.78,1,1000015729779593600,0.9999,-0.00260894,-0.013909,0,0.00261115,0.999997,0.000141284,0,0.0139086,-0.000177588,0.999903,0,-0.0632734,0.000165093,0.000880157,1,2,0.502583,0.487419,0.875166,0.875166,5.20662,0.24839,-0.0876499,8.36841,-5.27394e-05,-1.00255e-05,4.3879,-0.525412,13,1,860160,896,832,640
1,1,2041,3,7,-0.114376,0.511928,-0.85138,0,0.728848,0.625587,0.278246,0,0.675054,-0.588702,-0.44467,0,-1.22957,0.0124498,0.363314,1,1000015729790705000,6.14601,0.01,6295,1,1,1,0.64112,0.235227,0.123654,0.193153,0.651026,0.155823,0.0942861,0.256904,0.648825,1.75667,-0.555222,-0.201446,-0.508254,1.85749,-0.349234,-0.0540321,-0.654794,1.7088,0.78,1,1000015729790705000,0.9999,-0.00260894,-0.013909,0,0.00261115,0.999997,0.000141284,0,0.0139086,-0.000177588,0.999903,0,-0.0632734,0.000165093,0.000880157,1,2,0.502583,0.487419,0.875166,0.875166,5.20662,0.24839,-0.0876499,8.36841,-5.27394e-05,-1.00255e-05,4.3879,-0.525412,13,1,860160,896,832,640
1,1,2042,3,7,-0.114399,0.511972,-0.851351,0,0.728819,0.625605,0.278282,0,0.675082,-0.588646,-0.444703,0,-1.22957,0.0124498,0.363314,1,1000015729801816000,6.14597,0.01,6295,1,1,1,0.64112,0.235227,0.123654,0.193153,0.651026,0.155823,0.0942861,0.256904,0.648825,1.75667,-0.555222,-0.201446,-0.508254,1.85749,-0.349234,-0.0540321,-0.654794,1.7088,0.78,1,1000015729801816000,0.9999,-0.00260894,-0.013909,0,0.00261115,0.999997,0.000141284,0,0.0139086,-0.000177588,0.999903,0,-0.0632734,0.000165093,0.000880157,1,2,0.502583,0.487419,0.875166,0.875166,5.20662,0.24839,-0.0876499,8.36841,-5.27394e-05,-1.00255e-05,4.3879,-0.525412,13,1,860160,896,832,640
1,1,2043,3,7,-0.114342,0.511935,-0.85138,0,0.728816,0.625603,0.278294,0,0.675095,-0.588679,-0.444639,0,-1.22957,0.0124498,0.363314,1,1000015729812927300,6.14594,0.01,6295,1,1,1,0.64112,0.235227,0.123654,0.193153,0.651026,0.155823,0.0942861,0.256904,0.648825,1.75667,-0.555222,-0.201446,-0.508254,1.85749,-0.349234,-0.0540321,-0.654794,1.7088,0.78,1,1000015729812927300,0.9999,-0.00260894,-0.013909,0,0.00261115,0.999997,0.000141284,0,0.0139086,-0.000177588,0.999903,0,-0.0632734,0.000165093,0.000880157,1,2,0.502583,0.487419,0.875166,0.875166,5.20662,0.24839,-0.0876499,8.36841,-5.27394e-05,-1.00255e-05,4.3879,-0.525412,13,1,860160,896,832,640
1,1,2044,3,7,-0.114349,0.511946,-0.851373,0,0.7288,0.625615,0.278308,0,0.675111,-0.588657,-0.444645,0,-1.22957,0.0124498,0.363314,1,1000015729824038400,6.14591,0.01,6295,1,1,1,0.64112,0.235227,0.123654,0.193153,0.651026,0.155823,0.0942861,0.256904,0.648825,1.75667,-0.555222,-0.201446,-0.508254,1.85749,-0.349234,-0.0540321,-0.654794,1.7088,0.78,1,1000015729824038400,0.9999,-0.00260894,-0.013909,0,0.00261115,0.999997,0.000141284,0,0.0139086,-0.000177588,0.999903,0,-0.0632734,0.000165093,0.000880157,1,2,0.502583,0.487419,0.875166,0.875166,5.20662,0.24839,-0.0876499,8.36841,-5.27394e-05,-1.00255e-05,4.3879,-0.525412,13,1,860160,896,832,640
1,1,2045,3,7,-0.114323,0.51193,-0.851386,0,0.728787,0.625625,0.278322,0,0.67513,-0.58866,-0.444612,0,-1.22957,0.0124498,0.363314,1,1000015729835149500,6.14589,0.01,6295,1,1,1,0.64112,0.235227,0.123654,0.193153,0.651026,0.155823,0.0942861,0.256904,0.648825,1.75667,-0.555222,-0.201446,-0.508254,1.85749,-0.349234,-0.0540321,-0.654794,1.7088,0.78,1,1000015729835149500,0.9999,-0.00260894,-0.013909,0,0.00261115,0.999997,0.000141284,0,0.0139086,-0.000177588,0.999903,0,-0.0632734,0.000165093,0.000880157,1,2,0.502583,0.487419,0.875166,0.875166,5.20662,0.24839,-0.0876499,8.36841,-5.27394e-05,-1.00255e-05,4.3879,-0.525412,13,1,860160,896,832,640
1,1,2046,3,7,-0.11431,0.51191,-0.8514,0,0.728757,0.625653,0.278335,0,0.675164,-0.588647,-0.444576,0,-1.22957,0.0124498,0.363314,1,1000015729846260800,6.14586,0.01,6295,1,1,1,0.64112,0.235227,0.123654,0.193153,0.651026,0.155823,0.0942861,0.256904,0.648825,1.75667,-0.555222,-0.201446,-0.508254,1.85749,-0.349234,-0.0540321,-0.654794,1.7088,0.78,1,1000015729846260800,0.9999,-0.00260894,-0.013909,0,0.00261115,0.999997,0.000141284,0,0.0139086,-0.000177588,0.999903,0,-0.0632734,0.000165093,0.000880157,1,2,0.502583,0.487419,0.875166,0.875166,5.20662,0.24839,-0.0876499,8.36841,-5.27394e-05,-1.00255e-05,4.3879,-0.525412,13,1,860160,896,832,640
1,1,2047,3,7,-0.114303,0.511927,-0.85139,0,0.728731,0.625669,0.278369,0,0.675193,-0.588616,-0.444573,0,-1.22957,0.0124498,0.363314,1,1000015729857372100,6.14584,0.01,6295,1,1,1,0.64112,0.235227,0.123654,0.193153,0.651026,0.155823,0.0942861,0.256904,0.648825,1.75667,-0.555222,-0.201446,-0.508254,1.85749,-0.349234,-0.0540321,-0.654794,1.7088,0.78,1,1000015729857372100,0.9999,-0.00260894,-0.013909,0,0.00261115,0.999997,0.000141284,0,0.0139086,-0.000177588,0.999903,0,-0.0632734,0.000165093,0.000880157,1,2,0.502583,0.487419,0.875166,0.875166,5.20662,0.24839,-0.0876499,8.36841,-5.27394e-05,-1.00255e-05,4.3879,-0.525412,13,1,860160,896,832,640
1,1,2048,3,7,-0.114307,0.511938,-0.851383,0,0.728717,0.625678,0.278384,0,0.675207,-0.588596,-0.444578,0,-1.22957,0.0124498,0.363314,1,1000015729868483200,6.14583,0.01,6295,1,1,1,0.64112,0.235227,0.123654,0.193153,0.651026,0.155823,0.0942861,0.256904,0.648825,1.75667,-0.555222,-0.201446,-0.508254,1.85749,-0.349234,-0.0540321,-0.654794,1.7088,0.78,1,1000015729868483200,0.9999,-0.00260894,-0.013909,0,0.00261115,0.999997,0.000141284,0,0.0139086,-0.000177588,0.999903,0,-0.0632734,0.000165093,0.000880157,1,2,0.502583,0.487419,0.875166,0.875166,5.20662,0.24839,-0.0876499,8.36841,-5.27394e-05,-1.00255e-05,4.3879,-0.525412,13,1,860160,896,832,640
1,1,2049,3,7,-0.114264,0.511913,-0.851404,0,0.728718,0.625674,0.278392,0,0.675214,-0.588623,-0.444532,0,-1.22957,0.0124498,0.363314,1,1000015729879594500,6.14581,0.01,6295,1,1,1,0.64112,0.235227,0.123654,0.193153,0.651026,0.155823,0.0942861,0.256904,0.648825,1.75667,-0.555222,-0.201446,-0.508254,1.85749,-0.349234,-0.0540321,-0.654794,1.7088,0.78,1,1000015729879594500,0.9999,-0.00260894,-0.013909,0,0.00261115,0.999997,0.000141284,0,0.0139086,-0.000177588,0.999903,0,-0.0632734,0.000165093,0.000880157,1,2,0.502583,0.487419,0.875166,0.875166,5.20662,0.24839,-0.0876499,8.36841,-5.27394e-05,-1.00255e-05,4.3879,-0.525412,13,1,860160,896,832,640
1,1,2050,3,7,-0.114241,0.511894,-0.851418,0,0.728703,0.625687,0.278403,0,0.675234,-0.588626,-0.444498,0,-1.22957,0.0124498,0.363314,1,1000015729890705600,6.1458,0.01,6295,1,1,1,0.64112,0.235227,0.123654,0.193153,0.651026,0.155823,0.0942861,0.256904,0.648825,1.75667,-0.555222,-0.201446,-0.508254,1.85749,-0.349234,-0.0540321,-0.654794,1.7088,0.78,1,1000015729890705600,0.9999,-0.00260894,-0.013909,0,0.00261115,0.999997,0.000141284,0,0.0139086,-0.000177588,0.999903,0,-0.0632734,0.000165093,0.000880157,1,2,0.502583,0.487419,0.875166,0.875166,5.20662,0.24839,-0.0876499,8.36841,-5.27394e-05,-1.00255e-05,4.3879,-0.525412,13,1,860160,896,832,640
1,1,2051,3,7,-0.114221,0.511894,-0.851421,0,0.728703,0.625681,0.278415,0,0.675237,-0.588633,-0.444485,0,-1.22957,0.0124498,0.363314,1,1000015729901816900,6.1458,0.01,6295,1,1,1,0.64112,0.235227,0.123654,0.193153,0.651026,0.155823,0.0942861,0.256904,0.648825,1.75667,-0.555222,-0.201446,-0.508254,1.85749,-0.349234,-0.0540321,-0.654794,1.7088,0.78,1,1000015729901816900,0.9999,-0.00260894,-0.013909,0,0.00261115,0.999997,0.000141284,0,0.0139086,-0.000177588,0.999903,0,-0.0632734,0.000165093,0.000880157,1,2,0.502583,0.487419,0.875166,0.875166,5.20662,0.24839,-0.0876499,8.36841,-5.27394e-05,-1.00255e-05,4.3879,-0.525412,13,1,860160,896,832,640
1,1,2052,3,7,-0.114232,0.511912,-0.851409,0,0.7287,0.625681,0.278424,0,0.675239,-0.588616,-0.444503,0,-1.22957,0.0124498,0.363314,1,1000015729912928100,6.14579,0.01,6295,1,1,1,0.64112,0.235227,0.123654,0.193153,0.651026,0.155823,0.0942861,0.256904,0.648825,1.75667,-0.555222,-0.201446,-0.508254,1.85749,-0.349234,-0.0540321,-0.654794,1.7088,0.78,1,1000015729912928100,0.9999,-0.00260894,-0.013909,0,0.00261115,0.999997,0.000141284,0,0.0139086,-0.000177588,0.999903,0,-0.0632734,0.000165093,0.000880157,1,2,0.502583,0.487419,0.875166,0.875166,5.20662,0.24839,-0.0876499,8.36841,-5.27394e-05,-1.00255e-05,4.3879,-0.525412,13,1,860160,896,832,640
1,1,2053,3,7,-0.114198,0.511886,-0.851429,0,0.728719,0.625663,0.278414,0,0.675224,-0.588658,-0.444471,0,-1.22957,0.0124498,0.363314,1,1000015729924039100,6.14579,0.01,6295,1,1,1,0.64112,0.235227,0.123654,0.193153,0.651026,0.155823,0.0942861,0.256904,0.648825,1.75667,-0.555222,-0.201446,-0.508254,1.85749,-0.349234,-0.0540321,-0.654794,1.7088,0.78,1,1000015729924039100,0.9999,-0.00260894,-0.013909,0,0.00261115,0.999997,0.000141284,0,0.0139086,-0.000177588,0.999903,0,-0.0632734,0.000165093,0.000880157,1,2,0.502583,0.487419,0.875166,0.875166,5.20662,0.24839,-0.0876499,8.36841,-5.27394e-05,-1.00255e-05,4.3879,-0.525412,13,1,860160,896,832,640
1,1,2054,3,7,-0.11417,0.511882,-0.851435,0,0.728727,0.62565,0.278424,0,0.67522,-0.588676,-0.444452,0,-1.22957,0.0124498,0.363314,1,1000015729935150400,6.14579,0.01,6295,1,1,1,0.64112,0.235227,0.123654,0.193153,0.651026,0.155823,0.0942861,0.256904,0.648825,1.75667,-0.555222,-0.201446,-0.508254,1.85749,-0.349234,-0.0540321,-0.654794,1.7088,0.78,1,1000015729935150400,0.9999,-0.00260894,-0.013909,0,0.00261115,0.999997,0.000141284,0,0.0139086,-0.000177588,0.999903,0,-0.0632734,0.000165093,0.000880157,1,2,0.502583,0.487419,0.875166,0.875166,5.20662,0.24839,-0.0876499,8.36841,-5.27394e-05,-1.00255e-05,4.3879,-0.525412,13,1,860160,896,832,640
1,1,2055,3,7,-0.11418,0.511901,-0.851423,0,0.728748,0.625628,0.278417,0,0.675195,-0.588683,-0.444481,0,-1.22957,0.0124498,0.363314,1,1000015729946261700,6.14579,0.01,6295,1,1,1,0.64112,0.235227,0.123654,0.193153,0.651026,0.155823,0.0942861,0.256904,0.648825,1.75667,-0.555222,-0.201446,-0.508254,1.85749,-0.349234,-0.0540321,-0.654794,1.7088,0.78,1,1000015729946261700,0.9999,-0.00260894,-0.013909,0,0.00261115,0.999997,0.000141284,0,0.0139086,-0.000177588,0.999903,0,-0.0632734,0.000165093,0.000880157,1,2,0.502583,0.487419,0.875166,0.875166,5.20662,0.24839,-0.0876499,8.36841,-5.27394e-05,-1.00255e-05,4.3879,-0.525412,13,1,860160,896,832,640
1,1,2056,3,7,-0.114184,0.511912,-0.851415,0,0.728744,0.625629,0.278426,0,0.675199,-0.588672,-0.44449,0,-1.22957,0.0124498,0.363314,1,1000015729957372800,6.14581,0.01,6295,1,1,1,0.64112,0.235227,0.123654,0.193153,0.651026,0.155823,0.0942861,0.256904,0.648825,1.75667,-0.555222,-0.201446,-0.508254,1.85749,-0.349234,-0.0540321,-0.654794,1.7088,0.78,1,1000015729957372800,0.9999,-0.00260894,-0.013909,0,0.00261115,0.999997,0.000141284,0,0.0139086,-0.000177588,0.999903,0,-0.0632734,0.000165093,0.000880157,1,2,0.502583,0.487419,0.875166,0.875166,5.20662,0.24839,-0.0876499,8.36841,-5.27394e-05,-1.00255e-05,4.3879,-0.525412,13,1,860160,896,832,640
1,1,2057,3,7,-0.114215,0.511954,-0.851386,0,0.728751,0.625617,0.278432,0,0.675186,-0.588648,-0.444542,0,-1.22957,0.0124498,0.363314,1,1000015729968484100,6.14583,0.01,6295,1,1,1,0.64112,0.235227,0.123654,0.193153,0.651026,0.155823,0.0942861,0.256904,0.648825,1.75667,-0.555222,-0.201446,-0.508254,1.85749,-0.349234,-0.0540321,-0.654794,1.7088,0.78,1,1000015729968484100,0.9999,-0.00260894,-0.013909,0,0.00261115,0.999997,0.000141284,0,0.0139086,-0.000177588,0.999903,0,-0.0632734,0.000165093,0.000880157,1,2,0.502583,0.487419,0.875166,0.875166,5.20662,0.24839,-0.0876499,8.36841,-5.27394e-05,-1.00255e-05,4.3879,-0.525412,13,1,860160,896,832,640
1,1,2058,3,7,-0.114223,0.511953,-0.851385,0,0.72874,0.62563,0.278433,0,0.675197,-0.588635,-0.444542,0,-1.22957,0.0124498,0.363314,1,1000015729979595200,6.14585,0.01,6295,1,1,1,0.64112,0.235227,0.123654,0.193153,0.651026,0.155823,0.0942861,0.256904,0.648825,1.75667,-0.555222,-0.201446,-0.508254,1.85749,-0.349234,-0.0540321,-0.654794,1.7088,0.78,1,1000015729979595200,0.9999,-0.00260894,-0.013909,0,0.00261115,0.999997,0.000141284,0,0.0139086,-0.000177588,0.999903,0,-0.0632734,0.000165093,0.000880157,1,2,0.502583,0.487419,0.875166,0.875166,5.20662,0.24839,-0.0876499,8.36841,-5.27394e-05,-1.00255e-05,4.3879,-0.525412,13,1,860160,896,832,640
1,1,2059,3,7,-0.11421,0.511947,-0.851391,0,0.728762,0.625609,0.278423,0,0.675175,-0.588663,-0.444538,0,-1.22957,0.0124498,0.363314,1,1000015729990706500,6.14587,0.01,6295,1,1,1,0.64112,0.235227,0.123654,0.193153,0.651026,0.155823,0.0942861,0.256904,0.648825,1.75667,-0.555222,-0.201446,-0.508254,1.85749,-0.349234,-0.0540321,-0.654794,1.7088,0.78,1,1000015729990706500,0.9999,-0.00260894,-0.013909,0,0.00261115,0.999997,0.000141284,0,0.0139086,-0.000177588,0.999903,0,-0.0632734,0.000165093,0.000880157,1,2,0.502583,0.487419,0.875166,0.875166,5.20662,0.24839,-0.0876499,8.36841,-5.27394e-05,-1.00255e-05,4.3879,-0.525412,13,1,860160,896,832,640
1,1,2060,3,7,-0.114199,0.511937,-0.851398,0,0.728778,0.625595,0.278412,0,0.67516,-0.588686,-0.444531,0,-1.22957,0.0124498,0.363314,1,1000015730001817600,6.14589,0.01,6295,1,1,1,0.64112,0.235227,0.123654,0.193153,0.651026,0.155823,0.0942861,0.256904,0.648825,1.75667,-0.555222,-0.201446,-0.508254,1.85749,-0.349234,-0.0540321,-0.654794,1.7088,0.78,1,1000015730001817600,0.9999,-0.00260894,-0.013909,0,0.00261115,0.999997,0.000141284,0,0.0139086,-0.000177588,0.999903,0,-0.0632734,0.000165093,0.000880157,1,2,0.502583,0.487419,0.875166,0.875166,5.20662,0.24839,-0.0876499,8.36841,-5.27394e-05,-1.00255e-05,4.3879,-0.525412,13,1,860160,896,832,640
1,1,2061,3,7,-0.114233,0.511975,-0.851371,0,0.728815,0.62556,0.278394,0,0.675114,-0.58869,-0.444595,0,-1.22957,0.0124498,0.363314,1,1000015730012928700,6.14591,0.01,6295,1,1,1,0.64112,0.235227,0.123654,0.193153,0.651026,0.155823,0.0942861,0.256904,0.648825,1.75667,-0.555222,-0.201446,-0.508254,1.85749,-0.349234,-0.0540321,-0.654794,1.7088,0.78,1,1000015730012928700,0.9999,-0.00260894,-0.013909,0,0.00261115,0.999997,0.000141284,0,0.0139086,-0.000177588,0.999903,0,-0.0632734,0.000165093,0.000880157,1,2,0.502583,0.487419,0.875166,0.875166,5.20662,0.24839,-0.0876499,8.36841,-5.27394e-05,-1.00255e-05,4.3879,-0.525412,13,1,860160,896,832,640
1,1,2062,3,7,-0.114205,0.511963,-0.851382,0,0.72883,0.625543,0.278393,0,0.675103,-0.588719,-0.444574,0,-1.22957,0.0124498,0.363314,1,1000015730024040000,6.14595,0.01,6295,1,1,1,0.64112,0.235227,0.123654,0.193153,0.651026,0.155823,0.0942861,0.256904,0.648825,1.75667,-0.555222,-0.201446,-0.508254,1.85749,-0.349234,-0.0540321,-0.654794,1.7088,0.78,1,1000015730024040000,0.9999,-0.00260894,-0.013909,0,0.00261115,0.999997,0.000141284,0,0.0139086,-0.000177588,0.999903,0,-0.0632734,0.000165093,0.000880157,1,2,0.502583,0.487419,0.875166,0.875166,5.20662,0.24839,-0.0876499,8.36841,-5.27394e-05,-1.00255e-05,4.3879,-0.525412,13,1,860160,896,832,640
1,1,2063,3,7,-0.114219,0.512003,-0.851356,0,0.728851,0.625515,0.2784,0,0.675078,-0.588714,-0.44462,0,-1.22957,0.0124498,0.363314,1,1000015730035151300,6.14598,0.01,6295,1,1,1,0.64112,0.235227,0.123654,0.193153,0.651026,0.155823,0.0942861,0.256904,0.648825,1.75667,-0.555222,-0.201446,-0.508254,1.85749,-0.349234,-0.0540321,-0.654794,1.7088,0.78,1,1000015730035151300,0.9999,-0.00260894,-0.013909,0,0.00261115,0.999997,0.000141284,0,0.0139086,-0.000177588,0.999903,0,-0.0632734,0.000165093,0.000880157,1,2,0.502583,0.487419,0.875166,0.875166,5.20662,0.24839,-0.0876499,8.36841,-5.27394e-05,-1.00255e-05,4.3879,-0.525412,13,1,860160,896,832,640
1,1,2064,3,7,-0.1142,0.512014,-0.851352,0,0.728865,0.625495,0.278411,0,0.675067,-0.588726,-0.44462,0,-1.22957,0.0124498,0.363314,1,1000015730046262400,6.14601,0.01,6295,1,1,1,0.64112,0.235227,0.123654,0.193153,0.651026,0.155823,0.0942861,0.256904,0.648825,1.75667,-0.555222,-0.201446,-0.508254,1.85749,-0.349234,-0.0540321,-0.654794,1.7088,0.78,1,1000015730046262400,0.9999,-0.00260894,-0.013909,0,0.00261115,0.999997,0.000141284,0,0.0139086,-0.000177588,0.999903,0,-0.0632734,0.000165093,0.000880157,1,2,0.502583,0.487419,0.875166,0.875166,5.20662,0.24839,-0.0876499,8.36841,-5.27394e-05,-1.00255e-05,4.3879,-0.525412,13,1,860160,896,832,640
1,1,2065,3,7,-0.114204,0.512036,-0.851338,0,0.728891,0.625466,0.278407,0,0.675038,-0.588737,-0.444649,0,-1.22957,0.0124498,0.363314,1,1000015730057373700,6.14602,0.01,6295,1,1,1,0.64112,0.235227,0.123654,0.193153,0.651026,0.155823,0.0942861,0.256904,0.648825,1.75667,-0.555222,-0.201446,-0.508254,1.85749,-0.349234,-0.0540321,-0.654794,1.7088,0.78,1,1000015730057373700,0.9999,-0.00260894,-0.013909,0,0.00261115,0.999997,0.000141284,0,0.0139086,-0.000177588,0.999903,0,-0.0632734,0.000165093,0.000880157,1,2,0.502583,0.487419,0.875166,0.875166,5.20662,0.24839,-0.0876499,8.36841,-5.27394e-05,-1.00255e-05,4.3879,-0.525412,13,1,860160,896,832,640
1,1,2066,3,7,-0.11417,0.512028,-0.851347,0,0.728919,0.625434,0.278405,0,0.675012,-0.588778,-0.444633,0,-1.22957,0.0124498,0.363314,1,1000015730068484900,6.14604,0.01,6295,1,1,1,0.64112,0.235227,0.123654,0.193153,0.651026,0.155823,0.0942861,0.256904,0.648825,1.75667,-0.555222,-0.201446,-0.508254,1.85749,-0.349234,-0.0540321,-0.654794,1.7088,0.78,1,1000015730068484900,0.9999,-0.00260894,-0.013909,0,0.00261115,0.999997,0.000141284,0,0.0139086,-0.000177588,0.999903,0,-0.0632734,0.000165093,0.000880157,1,2,0.502583,0.487419,0.875166,0.875166,5.20662,0.24839,-0.0876499,8.36841,-5.27394e-05,-1.00255e-05,4.3879,-0.525412,13,1,860160,896,832,640
1,1,2067,3,7,-0.114216,0.512069,-0.851317,0,0.728935,0.62542,0.278395,0,0.674988,-0.588757,-0.444698,0,-1.22957,0.0124498,0.363314,1,1000015730079596100,6.14605,0.01,6295,1,1,1,0.64112,0.235227,0.123654,0.193153,0.651026,0.155823,0.0942861,0.256904,0.648825,1.75667,-0.555222,-0.201446,-0.508254,1.85749,-0.349234,-0.0540321,-0.654794,1.7088,0.78,1,1000015730079596100,0.9999,-0.00260894,-0.013909,0,0.00261115,0.999997,0.000141284,0,0.0139086,-0.000177588,0.999903,0,-0.0632734,0.000165093,0.000880157,1,2,0.502583,0.487419,0.875166,0.875166,5.20662,0.24839,-0.0876499,8.36841,-5.27394e-05,-1.00255e-05,4.3879,-0.525412,13,1,860160,896,832,640
1,1,2068,3,7,-0.114247,0.512111,-0.851287,0,0.728947,0.625405,0.278398,0,0.67497,-0.588737,-0.444752,0,-1.22957,0.0124498,0.363314,1,1000015730090707200,6.14606,0.01,6295,1,1,1,0.64112,0.235227,0.123654,0.193153,0.651026,0.155823,0.0942861,0.256904,0.648825,1.75667,-0.555222,-0.201446,-0.508254,1.85749,-0.349234,-0.0540321,-0.654794,1.7088,0.78,1,1000015730090707200,0.9999,-0.00260894,-0.013909,0,0.00261115,0.999997,0.000141284,0,0.0139086,-0.000177588,0.999903,0,-0.0632734,0.000165093,0.000880157,1,2,0.502583,0.487419,0.875166,0.875166,5.20662,0.24839,-0.0876499,8.36841,-5.27394e-05,-1.00255e-05,4.3879,-0.525412,13,1,860160,896,832,640
1,1,2069,3,7,-0.114306,0.512177,-0.85124,0,0.728971,0.625379,0.278393,0,0.674934,-0.588707,-0.444846,0,-1.22957,0.0124498,0.363314,1,1000015730101818300,6.14606,0.01,6295,1,1,1,0.64112,0.235227,0.123654,0.193153,0.651026,0.155823,0.0942861,0.256904,0.648825,1.75667,-0.555222,-0.201446,-0.508254,1.85749,-0.349234,-0.0540321,-0.654794,1.7088,0.78,1,1000015730101818300,0.9999,-0.00260894,-0.013909,0,0.00261115,0.999997,0.000141284,0,0.0139086,-0.000177588,0.999903,0,-0.0632734,0.000165093,0.000880157,1,2,0.502583,0.487419,0.875166,0.875166,5.20662,0.24839,-0.0876499,8.36841,-5.27394e-05,-1.00255e-05,4.3879,-0.525412,13,1,860160,896,832,640
1,1,2070,3,7,-0.114314,0.512194,-0.851228,0,0.728965,0.625381,0.278404,0,0.674939,-0.58869,-0.444862,0,-1.22957,0.0124498,0.363314,1,1000015730112929600,6.14606,0.01,6295,1,1,1,0.64112,0.235227,0.123654,0.193153,0.651026,0.155823,0.0942861,0.256904,0.648825,1.75667,-0.555222,-0.201446,-0.508254,1.85749,-0.349234,-0.0540321,-0.654794,1.7088,0.78,1,1000015730112929600,0.9999,-0.00260894,-0.013909,0,0.00261115,0.999997,0.000141284,0,0.0139086,-0.000177588,0.999903,0,-0.0632734,0.000165093,0.000880157,1,2,0.502583,0.487419,0.875166,0.875166,5.20662,0.24839,-0.0876499,8.36841,-5.27394e-05,-1.00255e-05,4.3879,-0.525412,13,1,860160,896,832,640
1,1,2071,3,7,-0.11438,0.512249,-0.851186,0,0.728992,0.625358,0.278385,0,0.674899,-0.588666,-0.444954,0,-1.22957,0.0124498,0.363314,1,1000015730124040900,6.14606,0.01,6295,1,1,1,0.64112,0.235227,0.123654,0.193153,0.651026,0.155823,0.0942861,0.256904,0.648825,1.75667,-0.555222,-0.201446,-0.508254,1.85749,-0.349234,-0.0540321,-0.654794,1.7088,0.78,1,1000015730124040900,0.9999,-0.00260894,-0.013909,0,0.00261115,0.999997,0.000141284,0,0.0139086,-0.000177588,0.999903,0,-0.0632734,0.000165093,0.000880157,1,2,0.502583,0.487419,0.875166,0.875166,5.20662,0.24839,-0.0876499,8.36841,-5.27394e-05,-1.00255e-05,4.3879,-0.525412,13,1,860160,896,832,640
1,1,2072,3,7,-0.114389,0.512261,-0.851178,0,0.72899,0.625359,0.278389,0,0.674899,-0.588655,-0.444968,0,-1.22957,0.0124498,0.363314,1,1000015730135152600,6.14605,0.01,6295,1,1,1,0.64112,0.235227,0.123654,0.193153,0.651026,0.155823,0.0942861,0.256904,0.648825,1.75667,-0.555222,-0.201446,-0.508254,1.85749,-0.349234,-0.0540321,-0.654794,1.7088,0.78,1,1000015730135152600,0.9999,-0.00260894,-0.013909,0,0.00261115,0.999997,0.000141284,0,0.0139086,-0.000177588,0.999903,0,-0.0632734,0.000165093,0.000880157,1,2,0.502583,0.487419,0.875166,0.875166,5.20662,0.24839,-0.0876499,8.36841,-5.27394e-05,-1.00255e-05,4.3879,-0.525412,13,1,860160,896,832,640
1,1,2073,3,7,-0.114387,0.512269,-0.851174,0,0.729023,0.625327,0.278374,0,0.674864,-0.588683,-0.444984,0,-1.22957,0.0124498,0.363314,1,1000015730146263700,6.14604,0.01,6295,1,1,1,0.64112,0.235227,0.123654,0.193153,0.651026,0.155823,0.0942861,0.256904,0.648825,1.75667,-0.555222,-0.201446,-0.508254,1.85749,-0.349234,-0.0540321,-0.654794,1.7088,0.78,1,1000015730146263700,0.9999,-0.00260894,-0.013909,0,0.00261115,0.999997,0.000141284,0,0.0139086,-0.000177588,0.999903,0,-0.0632734,0.000165093,0.000880157,1,2,0.502583,0.487419,0.875166,0.875166,5.20662,0.24839,-0.0876499,8.36841,-5.27394e-05,-1.00255e-05,4.3879,-0.525412,13,1,860160,896,832,640
1,1,2074,3,7,-0.114398,0.512274,-0.851169,0,0.729018,0.625333,0.278375,0,0.674868,-0.588672,-0.444993,0,-1.22957,0.0124498,0.363314,1,1000015730157375000,6.14604,0.01,6295,1,1,1,0.64112,0.235227,0.123654,0.193153,0.651026,0.155823,0.0942861,0.256904,0.648825,1.75667,-0.555222,-0.201446,-0.508254,1.85749,-0.349234,-0.0540321,-0.654794,1.7088,0.78,1,1000015730157375000,0.9999,-0.00260894,-0.013909,0,0.00261115,0.999997,0.000141284,0,0.0139086,-0.000177588,0.999903,0,-0.0632734,0.000165093,0.000880157,1,2,0.502583,0.487419,0.875166,0.875166,5.20662,0.24839,-0.0876499,8.36841,-5.27394e-05,-1.00255e-05,4.3879,-0.525412,13,1,860160,896,832,640
1,1,2075,3,7,-0.114467,0.512339,-0.851121,0,0.729031,0.625319,0.278369,0,0.674841,-0.58863,-0.445089,0,-1.22957,0.0124498,0.363314,1,1000015730168486300,6.14603,0.01,6295,1,1,1,0.64112,0.235227,0.123654,0.193153,0.651026,0.155823,0.0942861,0.256904,0.648825,1.75667,-0.555222,-0.201446,-0.508254,1.85749,-0.349234,-0.0540321,-0.654794,1.7088,0.78,1,1000015730168486300,0.9999,-0.00260894,-0.013909,0,0.00261115,0.999997,0.000141284,0,0.0139086,-0.000177588,0.999903,0,-0.0632734,0.000165093,0.000880157,1,2,0.502583,0.487419,0.875166,0.875166,5.20662,0.24839,-0.0876499,8.36841,-5.27394e-05,-1.00255e-05,4.3879,-0.525412,13,1,860160,896,832,640
1,1,2076,3,7,-0.114472,0.512363,-0.851106,0,0.729015,0.625327,0.278395,0,0.674859,-0.5886,-0.445102,0,-1.22957,0.0124498,0.363314,1,1000015730179597400,6.14602,0.01,6295,1,1,1,0.64112,0.235227,0.123654,0.193153,0.651026,0.155823,0.0942861,0.256904,0.648825,1.75667,-0.555222,-0.201446,-0.508254,1.85749,-0.349234,-0.0540321,-0.654794,1.7088,0.78,1,1000015730179597400,0.9999,-0.00260894,-0.013909,0,0.00261115,0.999997,0.000141284,0,0.0139086,-0.000177588,0.999903,0,-0.0632734,0.000165093,0.000880157,1,2,0.502583,0.487419,0.875166,0.875166,5.20662,0.24839,-0.0876499,8.36841,-5.27394e-05,-1.00255e-05,4.3879,-0.525412,13,1,860160,896,832,640
1,1,2077,3,7,-0.114477,0.512383,-0.851093,0,0.729024,0.625315,0.2784,0,0.674848,-0.588596,-0.445124,0,-1.22957,0.0124498,0.363314,1,1000015730190708500,6.146,0.01,6295,1,1,1,0.64112,0.235227,0.123654,0.193153,0.651026,0.155823,0.0942861,0.256904,0.648825,1.75667,-0.555222,-0.201446,-0.508254,1.85749,-0.349234,-0.0540321,-0.654794,1.7088,0.78,1,1000015730190708500,0.9999,-0.00260894,-0.013909,0,0.00261115,0.999997,0.000141284,0,0.0139086,-0.000177588,0.999903,0,-0.0632734,0.000165093,0.000880157,1,2,0.502583,0.487419,0.875166,0.875166,5.20662,0.24839,-0.0876499,8.36841,-5.27394e-05,-1.00255e-05,4.3879,-0.525412,13,1,860160,896,832,640
1,1,2078,3,7,-0.114503,0.512422,-0.851066,0,0.729018,0.625314,0.278415,0,0.674849,-0.588563,-0.445165,0,-1.22957,0.0124498,0.363314,1,1000015730201819800,6.146,0.01,6295,1,1,1,0.64112,0.235227,0.123654,0.193153,0.651026,0.155823,0.0942861,0.256904,0.648825,1.75667,-0.555222,-0.201446,-0.508254,1.85749,-0.349234,-0.0540321,-0.654794,1.7088,0.78,1,1000015730201819800,0.9999,-0.00260894,-0.013909,0,0.00261115,0.999997,0.000141284,0,0.0139086,-0.000177588,0.999903,0,-0.0632734,0.000165093,0.000880157,1,2,0.502583,0.487419,0.875166,0.875166,5.20662,0.24839,-0.0876499,8.36841,-5.27394e-05,-1.00255e-05,4.3879,-0.525412,13,1,860160,896,832,640
1,1,2079,3,7,-0.114552,0.512464,-0.851034,0,0.729002,0.625328,0.278426,0,0.674859,-0.588511,-0.44522,0,-1.22957,0.0124498,0.363314,1,1000015730212931100,6.14599,0.01,6295,1,1,1,0.64112,0.235227,0.123654,0.193153,0.651026,0.155823,0.0942861,0.256904,0.648825,1.75667,-0.555222,-0.201446,-0.508254,1.85749,-0.349234,-0.0540321,-0.654794,1.7088,0.78,1,1000015730212931100,0.9999,-0.00260894,-0.013909,0,0.00261115,0.999997,0.000141284,0,0.0139086,-0.000177588,0.999903,0,-0.0632734,0.000165093,0.000880157,1,2,0.502583,0.487419,0.875166,0.875166,5.20662,0.24839,-0.0876499,8.36841,-5.27394e-05,-1.00255e-05,4.3879,-0.525412,13,1,860160,896,832,640
1,1,2080,3,7,-0.11456,0.512477,-0.851025,0,0.728979,0.625346,0.278446,0,0.674882,-0.588481,-0.445225,0,-1.22957,0.0124498,0.363314,1,1000015730224042200,6.14598,0.01,6295,1,1,1,0.64112,0.235227,0.123654,0.193153,0.651026,0.155823,0.0942861,0.256904,0.648825,1.75667,-0.555222,-0.201446,-0.508254,1.85749,-0.349234,-0.0540321,-0.654794,1.7088,0.78,1,1000015730224042200,0.9999,-0.00260894,-0.013909,0,0.00261115,0.999997,0.000141284,0,0.0139086,-0.000177588,0.999903,0,-0.0632734,0.000165093,0.000880157,1,2,0.502583,0.487419,0.875166,0.875166,5.20662,0.24839,-0.0876499,8.36841,-5.27394e-05,-1.00255e-05,4.3879,-0.525412,13,1,860160,896,832,640
1,1,2081,3,7,-0.114582,0.512507,-0.851004,0,0.728971,0.62535,0.278458,0,0.674887,-0.588451,-0.445256,0,-1.22957,0.0124498,0.363314,1,1000015730235153300,6.14597,0.01,6295,1,1,1,0.64112,0.235227,0.123654,0.193153,0.651026,0.155823,0.0942861,0.256904,0.648825,1.75667,-0.555222,-0.201446,-0.508254,1.85749,-0.349234,-0.0540321,-0.654794,1.7088,0.78,1,1000015730235153300,0.9999,-0.00260894,-0.013909,0,0.00261115,0.999997,0.000141284,0,0.0139086,-0.000177588,0.999903,0,-0.0632734,0.000165093,0.000880157,1,2,0.502583,0.487419,0.875166,0.875166,5.20662,0.24839,-0.0876499,8.36841,-5.27394e-05,-1.00255e-05,4.3879,-0.525412,13,1,860160,896,832,640
1,1,2082,3,7,-0.114577,0.512521,-0.850996,0,0.728968,0.625346,0.278474,0,0.674891,-0.588442,-0.445261,0,-1.22957,0.0124498,0.363314,1,1000015730246264600,6.14596,0.01,6295,1,1,1,0.64112,0.235227,0.123654,0.193153,0.651026,0.155823,0.0942861,0.256904,0.648825,1.75667,-0.555222,-0.201446,-0.508254,1.85749,-0.349234,-0.0540321,-0.654794,1.7088,0.78,1,1000015730246264600,0.9999,-0.00260894,-0.013909,0,0.00261115,0.999997,0.000141284,0,0.0139086,-0.000177588,0.999903,0,-0.0632734,0.000165093,0.000880157,1,2,0.502583,0.487419,0.875166,0.875166,5.20662,0.24839,-0.0876499,8.36841,-5.27394e-05,-1.00255e-05,4.3879,-0.525412,13,1,860160,896,832,640
